[{"id":501,"first_name":"Caitlin","last_name":"Paulou","email":"cpauloudw@constantcontact.com","gender":"Female","salary":42296,"team":"Product"},{"id":502,"first_name":"Engracia","last_name":"Hansley","email":"ehansleydx@umich.edu","gender":"Female","salary":63395,"team":"Legal"},{"id":503,"first_name":"Launce","last_name":"Benger","email":"lbengerdy@technorati.com","gender":"Male","salary":125382,"team":"Client Services"},{"id":504,"first_name":"Cami","last_name":"Kirton","email":"ckirtondz@lycos.com","gender":"Female","salary":113592,"team":"Marketing"},{"id":505,"first_name":"Rahel","last_name":"Burberry","email":"rburberrye0@abc.net.au","gender":"Female","salary":46750,"team":"Sales"},{"id":506,"first_name":"Alexandros","last_name":"Crowch","email":"acrowche1@last.fm","gender":"Genderqueer","salary":90285,"team":"Client Services"},{"id":507,"first_name":"Filberto","last_name":"Pippard","email":"fpipparde2@ebay.com","gender":"Male","salary":123876,"team":"Engineering"},{"id":508,"first_name":"Alberta","last_name":"Teas","email":"atease3@ihg.com","gender":"Female","salary":41643,"team":"Distribution"},{"id":509,"first_name":"Jillayne","last_name":"Rudinger","email":"jrudingere4@phoca.cz","gender":"Female","salary":113760,"team":"Distribution"},{"id":510,"first_name":"Suzann","last_name":"Habard","email":"shabarde5@wunderground.com","gender":"Female","salary":49473,"team":"Legal"},{"id":511,"first_name":"Torrance","last_name":"Solano","email":"tsolanoe6@digg.com","gender":"Male","salary":146141,"team":"Distribution"},{"id":512,"first_name":"Rodrique","last_name":"Chishull","email":"rchishulle7@vimeo.com","gender":"Male","salary":67789,"team":"Legal"},{"id":513,"first_name":"Fairleigh","last_name":"Longthorne","email":"flongthornee8@pinterest.com","gender":"Male","salary":135758,"team":"Client Services"},{"id":514,"first_name":"Judd","last_name":"Canty","email":"jcantye9@google.ca","gender":"Male","salary":84672,"team":"Distribution"},{"id":515,"first_name":"Thaddus","last_name":"Theurer","email":"ttheurerea@smugmug.com","gender":"Male","salary":111580,"team":"Human Resources"},{"id":516,"first_name":"Husain","last_name":"Djurevic","email":"hdjureviceb@dot.gov","gender":"Male","salary":50455,"team":"Business Development"},{"id":517,"first_name":"Sherrie","last_name":"Johl","email":"sjohlec@freewebs.com","gender":"Female","salary":130577,"team":"Marketing"},{"id":518,"first_name":"Marco","last_name":"Salmoni","email":"msalmonied@facebook.com","gender":"Genderqueer","salary":138925,"team":"Marketing"},{"id":519,"first_name":"Aldus","last_name":"Teulier","email":"ateulieree@vinaora.com","gender":"Male","salary":62371,"team":"Client Services"},{"id":520,"first_name":"Bryant","last_name":"Kabsch","email":"bkabschef@aol.com","gender":"Male","salary":87715,"team":"Product"},{"id":521,"first_name":"Becki","last_name":"Rubinlicht","email":"brubinlichteg@mayoclinic.com","gender":"Female","salary":66029,"team":"Client Services"},{"id":522,"first_name":"Mill","last_name":"Robert","email":"mroberteh@oaic.gov.au","gender":"Male","salary":86818,"team":"Engineering"},{"id":523,"first_name":"Diana","last_name":"Stanney","email":"dstanneyei@liveinternet.ru","gender":"Female","salary":75147,"team":"Product"},{"id":524,"first_name":"Delaney","last_name":"Brands","email":"dbrandsej@sciencedaily.com","gender":"Male","salary":105573,"team":"Product"},{"id":525,"first_name":"Emmet","last_name":"Woodward","email":"ewoodwardek@soundcloud.com","gender":"Male","salary":93901,"team":"Legal"},{"id":526,"first_name":"Myrlene","last_name":"Mease","email":"mmeaseel@technorati.com","gender":"Female","salary":134988,"team":"Sales"},{"id":527,"first_name":"Matthias","last_name":"Figliovanni","email":"mfigliovanniem@slate.com","gender":"Male","salary":120941,"team":"Finance"},{"id":528,"first_name":"Darrel","last_name":"Closs","email":"dclossen@cnbc.com","gender":"Male","salary":118753,"team":"Sales"},{"id":529,"first_name":"Nikki","last_name":"Cona","email":"nconaeo@abc.net.au","gender":"Male","salary":92799,"team":"Sales"},{"id":530,"first_name":"Katine","last_name":"Blay","email":"kblayep@amazon.de","gender":"Female","salary":85718,"team":"Client Services"},{"id":531,"first_name":"Jeannie","last_name":"Shoulders","email":"jshoulderseq@china.com.cn","gender":"Female","salary":109517,"team":"Human Resources"},{"id":532,"first_name":"Aylmer","last_name":"Loud","email":"alouder@webnode.com","gender":"Male","salary":85550,"team":"Marketing"},{"id":533,"first_name":"Bucky","last_name":"Linklet","email":"blinkletes@meetup.com","gender":"Male","salary":78891,"team":"Distribution"},{"id":534,"first_name":"Heda","last_name":"Van Oord","email":"hvanoordet@dyndns.org","gender":"Female","salary":84693,"team":"Finance"},{"id":535,"first_name":"Hakeem","last_name":"Sharpling","email":"hsharplingeu@yellowbook.com","gender":"Male","salary":65251,"team":"Distribution"},{"id":536,"first_name":"Ky","last_name":"Whitelock","email":"kwhitelockev@shop-pro.jp","gender":"Male","salary":129148,"team":"Engineering"},{"id":537,"first_name":"Kaye","last_name":"Batty","email":"kbattyew@merriam-webster.com","gender":"Female","salary":75825,"team":"Engineering"},{"id":538,"first_name":"Wynny","last_name":"Rampton","email":"wramptonex@npr.org","gender":"Female","salary":51821,"team":"Legal"},{"id":539,"first_name":"Eydie","last_name":"Lorman","email":"elormaney@cyberchimps.com","gender":"Female","salary":58327,"team":"Finance"},{"id":540,"first_name":"Evanne","last_name":"Weatherburn","email":"eweatherburnez@clickbank.net","gender":"Female","salary":46478,"team":"Engineering"},{"id":541,"first_name":"Miltie","last_name":"Wake","email":"mwakef0@dmoz.org","gender":"Male","salary":79796,"team":"Distribution"},{"id":542,"first_name":"Millisent","last_name":"Rable","email":"mrablef1@army.mil","gender":"Female","salary":83809,"team":"Distribution"},{"id":543,"first_name":"Barbie","last_name":"Foyston","email":"bfoystonf2@ucla.edu","gender":"Female","salary":77933,"team":"Engineering"},{"id":544,"first_name":"Kathie","last_name":"Caen","email":"kcaenf3@auda.org.au","gender":"Female","salary":51070,"team":"Business Development"},{"id":545,"first_name":"Earle","last_name":"Leaves","email":"eleavesf4@gmpg.org","gender":"Male","salary":58357,"team":"Engineering"},{"id":546,"first_name":"Lynna","last_name":"Judron","email":"ljudronf5@yahoo.com","gender":"Female","salary":67165,"team":"Engineering"},{"id":547,"first_name":"Sharron","last_name":"Golley","email":"sgolleyf6@scientificamerican.com","gender":"Female","salary":145988,"team":"Human Resources"},{"id":548,"first_name":"Sharla","last_name":"Danilowicz","email":"sdanilowiczf7@stanford.edu","gender":"Female","salary":147417,"team":"Business Development"},{"id":549,"first_name":"Benoite","last_name":"McCurrie","email":"bmccurrief8@google.com","gender":"Female","salary":95003,"team":"Marketing"},{"id":550,"first_name":"Win","last_name":"Switsur","email":"wswitsurf9@foxnews.com","gender":"Male","salary":37888,"team":"Engineering"},{"id":551,"first_name":"Minnaminnie","last_name":"Brunelli","email":"mbrunellifa@homestead.com","gender":"Female","salary":131513,"team":"Finance"},{"id":552,"first_name":"Haywood","last_name":"Trembey","email":"htrembeyfb@nature.com","gender":"Male","salary":46875,"team":"Sales"},{"id":553,"first_name":"Barton","last_name":"Janes","email":"bjanesfc@youtu.be","gender":"Male","salary":82744,"team":"Client Services"},{"id":554,"first_name":"Kai","last_name":"Malt","email":"kmaltfd@psu.edu","gender":"Female","salary":43252,"team":"Client Services"},{"id":555,"first_name":"Mahmoud","last_name":"O'Donohue","email":"modonohuefe@apache.org","gender":"Male","salary":66047,"team":"Marketing"},{"id":556,"first_name":"Elizabeth","last_name":"Emmott","email":"eemmottff@cnbc.com","gender":"Female","salary":118431,"team":"Finance"},{"id":557,"first_name":"Riccardo","last_name":"Cottrill","email":"rcottrillfg@t.co","gender":"Male","salary":59943,"team":"Finance"},{"id":558,"first_name":"Kylie","last_name":"Boorne","email":"kboornefh@answers.com","gender":"Female","salary":82884,"team":"Business Development"},{"id":559,"first_name":"Wallie","last_name":"O' Driscoll","email":"wodriscollfi@google.ca","gender":"Male","salary":48668,"team":"Product"},{"id":560,"first_name":"Juieta","last_name":"Paolazzi","email":"jpaolazzifj@com.com","gender":"Female","salary":122971,"team":"Product"},{"id":561,"first_name":"Constantina","last_name":"Pethick","email":"cpethickfk@tripadvisor.com","gender":"Non-binary","salary":107050,"team":"Business Development"},{"id":562,"first_name":"Rriocard","last_name":"Wootton","email":"rwoottonfl@yellowpages.com","gender":"Male","salary":138598,"team":"Sales"},{"id":563,"first_name":"Pansy","last_name":"Fryers","email":"pfryersfm@jigsy.com","gender":"Female","salary":128540,"team":"Legal"},{"id":564,"first_name":"Merwin","last_name":"Santer","email":"msanterfn@taobao.com","gender":"Male","salary":61117,"team":"Client Services"},{"id":565,"first_name":"Tracie","last_name":"Sidebotton","email":"tsidebottonfo@nps.gov","gender":"Male","salary":100949,"team":"Human Resources"},{"id":566,"first_name":"Emanuele","last_name":"Rudwell","email":"erudwellfp@geocities.com","gender":"Male","salary":69111,"team":"Business Development"},{"id":567,"first_name":"Wilhelmine","last_name":"Piggin","email":"wpigginfq@goodreads.com","gender":"Female","salary":46602,"team":"Business Development"},{"id":568,"first_name":"Hewie","last_name":"Birchwood","email":"hbirchwoodfr@smh.com.au","gender":"Genderqueer","salary":61181,"team":"Business Development"},{"id":569,"first_name":"Riane","last_name":"Pierse","email":"rpiersefs@flickr.com","gender":"Female","salary":94963,"team":"Business Development"},{"id":570,"first_name":"Patrizia","last_name":"Consterdine","email":"pconsterdineft@sogou.com","gender":"Female","salary":102841,"team":"Client Services"},{"id":571,"first_name":"Kerk","last_name":"McCahill","email":"kmccahillfu@tripadvisor.com","gender":"Male","salary":49665,"team":"Business Development"},{"id":572,"first_name":"Dulsea","last_name":"Currie","email":"dcurriefv@unblog.fr","gender":"Female","salary":128042,"team":"Legal"},{"id":573,"first_name":"Sholom","last_name":"Heliot","email":"sheliotfw@cornell.edu","gender":"Bigender","salary":86150,"team":"Client Services"},{"id":574,"first_name":"Gawain","last_name":"Attreed","email":"gattreedfx@webs.com","gender":"Male","salary":121816,"team":"Distribution"},{"id":575,"first_name":"Felipa","last_name":"Bogace","email":"fbogacefy@friendfeed.com","gender":"Female","salary":123409,"team":"Product"},{"id":576,"first_name":"Freddy","last_name":"Counsell","email":"fcounsellfz@ezinearticles.com","gender":"Male","salary":59678,"team":"Distribution"},{"id":577,"first_name":"Sol","last_name":"Pickance","email":"spickanceg0@wisc.edu","gender":"Genderfluid","salary":57871,"team":"Human Resources"},{"id":578,"first_name":"Mercie","last_name":"Marklund","email":"mmarklundg1@google.ru","gender":"Female","salary":132084,"team":"Engineering"},{"id":579,"first_name":"Violette","last_name":"Dumper","email":"vdumperg2@businesswire.com","gender":"Female","salary":35633,"team":"Distribution"},{"id":580,"first_name":"Korella","last_name":"Missenden","email":"kmissendeng3@blog.com","gender":"Female","salary":125298,"team":"Legal"},{"id":581,"first_name":"Marve","last_name":"Shiliton","email":"mshilitong4@typepad.com","gender":"Male","salary":115582,"team":"Sales"},{"id":582,"first_name":"Abby","last_name":"Irwin","email":"airwing5@devhub.com","gender":"Male","salary":112975,"team":"Human Resources"},{"id":583,"first_name":"Carroll","last_name":"O'Corrigane","email":"cocorriganeg6@ihg.com","gender":"Male","salary":36927,"team":"Client Services"},{"id":584,"first_name":"Carlye","last_name":"Stempe","email":"cstempeg7@cnbc.com","gender":"Female","salary":70248,"team":"Sales"},{"id":585,"first_name":"Mahala","last_name":"Maberley","email":"mmaberleyg8@example.com","gender":"Female","salary":72002,"team":"Product"},{"id":586,"first_name":"Suzette","last_name":"Merida","email":"smeridag9@360.cn","gender":"Female","salary":102577,"team":"Product"},{"id":587,"first_name":"Kirsteni","last_name":"Steuhlmeyer","email":"ksteuhlmeyerga@bing.com","gender":"Female","salary":113554,"team":"Business Development"},{"id":588,"first_name":"Marilyn","last_name":"Jeanenet","email":"mjeanenetgb@techcrunch.com","gender":"Female","salary":75181,"team":"Finance"},{"id":589,"first_name":"Neville","last_name":"Walmsley","email":"nwalmsleygc@liveinternet.ru","gender":"Male","salary":79047,"team":"Human Resources"},{"id":590,"first_name":"Amabelle","last_name":"Exposito","email":"aexpositogd@epa.gov","gender":"Female","salary":52970,"team":"Sales"},{"id":591,"first_name":"Rafaelita","last_name":"Bletso","email":"rbletsoge@facebook.com","gender":"Female","salary":137979,"team":"Distribution"},{"id":592,"first_name":"Alic","last_name":"Maunders","email":"amaundersgf@netlog.com","gender":"Male","salary":114360,"team":"Business Development"},{"id":593,"first_name":"Cheslie","last_name":"Edwicke","email":"cedwickegg@blogtalkradio.com","gender":"Female","salary":110306,"team":"Human Resources"},{"id":594,"first_name":"Bren","last_name":"Lyston","email":"blystongh@furl.net","gender":"Female","salary":96649,"team":"Sales"},{"id":595,"first_name":"Stormie","last_name":"Issatt","email":"sissattgi@uol.com.br","gender":"Female","salary":111468,"team":"Product"},{"id":596,"first_name":"Erroll","last_name":"Tabord","email":"etabordgj@amazon.co.uk","gender":"Male","salary":141498,"team":"Sales"},{"id":597,"first_name":"Wait","last_name":"Rosoni","email":"wrosonigk@feedburner.com","gender":"Male","salary":40121,"team":"Product"},{"id":598,"first_name":"Katti","last_name":"Calver","email":"kcalvergl@unc.edu","gender":"Female","salary":129712,"team":"Finance"},{"id":599,"first_name":"Morna","last_name":"Blackmuir","email":"mblackmuirgm@pcworld.com","gender":"Female","salary":126010,"team":"Legal"},{"id":600,"first_name":"Guy","last_name":"Lindhe","email":"glindhegn@symantec.com","gender":"Male","salary":149105,"team":"Distribution"},{"id":601,"first_name":"Sawyer","last_name":"Berthelet","email":"sbertheletgo@illinois.edu","gender":"Male","salary":59970,"team":"Client Services"},{"id":602,"first_name":"Fey","last_name":"Cosins","email":"fcosinsgp@de.vu","gender":"Bigender","salary":145001,"team":"Engineering"},{"id":603,"first_name":"Mellie","last_name":"Carruthers","email":"mcarruthersgq@msn.com","gender":"Agender","salary":102589,"team":"Marketing"},{"id":604,"first_name":"Virgilio","last_name":"Hallows","email":"vhallowsgr@dailymotion.com","gender":"Male","salary":47529,"team":"Product"},{"id":605,"first_name":"Octavius","last_name":"Ruhben","email":"oruhbengs@marketwatch.com","gender":"Male","salary":148941,"team":"Product"},{"id":606,"first_name":"Wadsworth","last_name":"Gerriets","email":"wgerrietsgt@blogger.com","gender":"Male","salary":91109,"team":"Human Resources"},{"id":607,"first_name":"Elfie","last_name":"O'Dogherty","email":"eodoghertygu@ocn.ne.jp","gender":"Female","salary":51923,"team":"Business Development"},{"id":608,"first_name":"Berkeley","last_name":"Vaughn","email":"bvaughngv@newsvine.com","gender":"Male","salary":53954,"team":"Product"},{"id":609,"first_name":"Brandie","last_name":"Sharples","email":"bsharplesgw@woothemes.com","gender":"Female","salary":39335,"team":"Distribution"},{"id":610,"first_name":"Kandace","last_name":"Vsanelli","email":"kvsanelligx@statcounter.com","gender":"Female","salary":111371,"team":"Engineering"},{"id":611,"first_name":"Kerry","last_name":"Dressel","email":"kdresselgy@hatena.ne.jp","gender":"Female","salary":86676,"team":"Sales"},{"id":612,"first_name":"Traci","last_name":"Henrionot","email":"thenrionotgz@kickstarter.com","gender":"Female","salary":115057,"team":"Finance"},{"id":613,"first_name":"Gabey","last_name":"Rigardeau","email":"grigardeauh0@ning.com","gender":"Female","salary":145357,"team":"Engineering"},{"id":614,"first_name":"Estell","last_name":"Marrian","email":"emarrianh1@opera.com","gender":"Genderfluid","salary":36749,"team":"Finance"},{"id":615,"first_name":"Dur","last_name":"Walne","email":"dwalneh2@admin.ch","gender":"Male","salary":89854,"team":"Business Development"},{"id":616,"first_name":"Sanders","last_name":"Guillem","email":"sguillemh3@woothemes.com","gender":"Male","salary":134048,"team":"Marketing"},{"id":617,"first_name":"Zebadiah","last_name":"Badrock","email":"zbadrockh4@freewebs.com","gender":"Male","salary":123621,"team":"Marketing"},{"id":618,"first_name":"Rollin","last_name":"Sabater","email":"rsabaterh5@cpanel.net","gender":"Male","salary":54941,"team":"Distribution"},{"id":619,"first_name":"Randy","last_name":"Gregoletti","email":"rgregolettih6@imageshack.us","gender":"Male","salary":39371,"team":"Engineering"},{"id":620,"first_name":"Kit","last_name":"Tatem","email":"ktatemh7@epa.gov","gender":"Male","salary":83112,"team":"Marketing"},{"id":621,"first_name":"Hewet","last_name":"Ianson","email":"hiansonh8@cdbaby.com","gender":"Male","salary":96941,"team":"Distribution"},{"id":622,"first_name":"Kari","last_name":"Raund","email":"kraundh9@youku.com","gender":"Female","salary":47232,"team":"Legal"},{"id":623,"first_name":"Madeline","last_name":"Chrestien","email":"mchrestienha@canalblog.com","gender":"Female","salary":54058,"team":"Human Resources"},{"id":624,"first_name":"Elias","last_name":"Rassmann","email":"erassmannhb@epa.gov","gender":"Genderqueer","salary":118043,"team":"Business Development"},{"id":625,"first_name":"Stefan","last_name":"Deathridge","email":"sdeathridgehc@upenn.edu","gender":"Male","salary":97566,"team":"Marketing"},{"id":626,"first_name":"Cathleen","last_name":"Vye","email":"cvyehd@nifty.com","gender":"Polygender","salary":149684,"team":"Product"},{"id":627,"first_name":"Lyndsay","last_name":"Edlestone","email":"ledlestonehe@slate.com","gender":"Female","salary":71383,"team":"Human Resources"},{"id":628,"first_name":"Dallas","last_name":"Batteson","email":"dbattesonhf@auda.org.au","gender":"Male","salary":81206,"team":"Distribution"},{"id":629,"first_name":"Cazzie","last_name":"Meredith","email":"cmeredithhg@odnoklassniki.ru","gender":"Male","salary":69112,"team":"Finance"},{"id":630,"first_name":"Decca","last_name":"Lettley","email":"dlettleyhh@mayoclinic.com","gender":"Male","salary":120672,"team":"Legal"},{"id":631,"first_name":"Gena","last_name":"Ciccotti","email":"gciccottihi@ucla.edu","gender":"Female","salary":96511,"team":"Human Resources"},{"id":632,"first_name":"Ricki","last_name":"Bradmore","email":"rbradmorehj@webnode.com","gender":"Male","salary":132175,"team":"Engineering"},{"id":633,"first_name":"Guenna","last_name":"Dowsing","email":"gdowsinghk@dropbox.com","gender":"Female","salary":118037,"team":"Finance"},{"id":634,"first_name":"Courtnay","last_name":"Gurry","email":"cgurryhl@shutterfly.com","gender":"Male","salary":139570,"team":"Finance"},{"id":635,"first_name":"Haven","last_name":"Bawles","email":"hbawleshm@furl.net","gender":"Male","salary":115280,"team":"Distribution"},{"id":636,"first_name":"Bordie","last_name":"Perocci","email":"bperoccihn@chron.com","gender":"Male","salary":51065,"team":"Human Resources"},{"id":637,"first_name":"Sayers","last_name":"Shenfisch","email":"sshenfischho@sciencedirect.com","gender":"Male","salary":103854,"team":"Distribution"},{"id":638,"first_name":"Carin","last_name":"Cundey","email":"ccundeyhp@macromedia.com","gender":"Female","salary":48354,"team":"Business Development"},{"id":639,"first_name":"Shea","last_name":"Shearsby","email":"sshearsbyhq@ameblo.jp","gender":"Male","salary":132327,"team":"Product"},{"id":640,"first_name":"Meyer","last_name":"Glitherow","email":"mglitherowhr@blinklist.com","gender":"Male","salary":106362,"team":"Sales"},{"id":641,"first_name":"Teodor","last_name":"Snelgar","email":"tsnelgarhs@photobucket.com","gender":"Male","salary":131131,"team":"Client Services"},{"id":642,"first_name":"Shanan","last_name":"Longson","email":"slongsonht@ihg.com","gender":"Male","salary":129663,"team":"Human Resources"},{"id":643,"first_name":"Yurik","last_name":"Gooble","email":"ygooblehu@seesaa.net","gender":"Male","salary":93368,"team":"Product"},{"id":644,"first_name":"Matthus","last_name":"Litt","email":"mlitthv@github.com","gender":"Male","salary":53335,"team":"Product"},{"id":645,"first_name":"Jo-anne","last_name":"Wickstead","email":"jwicksteadhw@yahoo.com","gender":"Female","salary":105066,"team":"Business Development"},{"id":646,"first_name":"Lulita","last_name":"Dallmann","email":"ldallmannhx@gov.uk","gender":"Female","salary":63046,"team":"Finance"},{"id":647,"first_name":"Wallace","last_name":"Smiz","email":"wsmizhy@acquirethisname.com","gender":"Male","salary":98406,"team":"Product"},{"id":648,"first_name":"Anett","last_name":"Merwe","email":"amerwehz@feedburner.com","gender":"Female","salary":108581,"team":"Human Resources"},{"id":649,"first_name":"Caryl","last_name":"Mallender","email":"cmallenderi0@amazon.co.uk","gender":"Bigender","salary":41808,"team":"Business Development"},{"id":650,"first_name":"Irvine","last_name":"Hattiff","email":"ihattiffi1@ed.gov","gender":"Male","salary":36837,"team":"Marketing"},{"id":651,"first_name":"Giulia","last_name":"Graben","email":"ggrabeni2@dyndns.org","gender":"Female","salary":140850,"team":"Finance"},{"id":652,"first_name":"Lorianna","last_name":"Josselson","email":"ljosselsoni3@ocn.ne.jp","gender":"Female","salary":50426,"team":"Sales"},{"id":653,"first_name":"Giuseppe","last_name":"Donwell","email":"gdonwelli4@ehow.com","gender":"Male","salary":134120,"team":"Human Resources"},{"id":654,"first_name":"Valentin","last_name":"Minger","email":"vmingeri5@omniture.com","gender":"Non-binary","salary":80633,"team":"Legal"},{"id":655,"first_name":"Elspeth","last_name":"Ameer-Beg","email":"eameerbegi6@dyndns.org","gender":"Polygender","salary":131943,"team":"Client Services"},{"id":656,"first_name":"Fallon","last_name":"Sargant","email":"fsarganti7@intel.com","gender":"Female","salary":48046,"team":"Marketing"},{"id":657,"first_name":"Tasia","last_name":"MacCartair","email":"tmaccartairi8@merriam-webster.com","gender":"Female","salary":97443,"team":"Product"},{"id":658,"first_name":"Inness","last_name":"Tuminelli","email":"ituminellii9@arstechnica.com","gender":"Male","salary":135352,"team":"Business Development"},{"id":659,"first_name":"Tuesday","last_name":"Swepson","email":"tswepsonia@ning.com","gender":"Female","salary":96329,"team":"Engineering"},{"id":660,"first_name":"Gilly","last_name":"Wardall","email":"gwardallib@jiathis.com","gender":"Female","salary":73749,"team":"Business Development"},{"id":661,"first_name":"Theodore","last_name":"Canacott","email":"tcanacottic@xrea.com","gender":"Male","salary":75607,"team":"Sales"},{"id":662,"first_name":"Barnebas","last_name":"Flores","email":"bfloresid@jigsy.com","gender":"Male","salary":98858,"team":"Human Resources"},{"id":663,"first_name":"Lark","last_name":"Raraty","email":"lraratyie@gizmodo.com","gender":"Female","salary":76485,"team":"Engineering"},{"id":664,"first_name":"Florencia","last_name":"Shearsby","email":"fshearsbyif@nasa.gov","gender":"Female","salary":125418,"team":"Distribution"},{"id":665,"first_name":"Marty","last_name":"Beeken","email":"mbeekenig@businessweek.com","gender":"Male","salary":75415,"team":"Client Services"},{"id":666,"first_name":"Vanna","last_name":"Dispencer","email":"vdispencerih@bloglovin.com","gender":"Female","salary":142868,"team":"Marketing"},{"id":667,"first_name":"Gard","last_name":"Paschek","email":"gpaschekii@printfriendly.com","gender":"Male","salary":57300,"team":"Marketing"},{"id":668,"first_name":"Eldin","last_name":"Errey","email":"eerreyij@upenn.edu","gender":"Male","salary":73706,"team":"Finance"},{"id":669,"first_name":"Willem","last_name":"Godridge","email":"wgodridgeik@behance.net","gender":"Male","salary":85871,"team":"Product"},{"id":670,"first_name":"Verena","last_name":"Bartoleyn","email":"vbartoleynil@hexun.com","gender":"Female","salary":96795,"team":"Sales"},{"id":671,"first_name":"Virginie","last_name":"Vasilik","email":"vvasilikim@apache.org","gender":"Female","salary":92242,"team":"Legal"},{"id":672,"first_name":"Dasie","last_name":"Tomkies","email":"dtomkiesin@earthlink.net","gender":"Female","salary":115149,"team":"Legal"},{"id":673,"first_name":"Johnath","last_name":"Craighall","email":"jcraighallio@auda.org.au","gender":"Female","salary":126924,"team":"Finance"},{"id":674,"first_name":"Hy","last_name":"Fettes","email":"hfettesip@virginia.edu","gender":"Male","salary":92587,"team":"Finance"},{"id":675,"first_name":"Siouxie","last_name":"Madsen","email":"smadseniq@mayoclinic.com","gender":"Female","salary":60263,"team":"Sales"},{"id":676,"first_name":"Kristel","last_name":"Boyland","email":"kboylandir@cmu.edu","gender":"Female","salary":91406,"team":"Business Development"},{"id":677,"first_name":"Martin","last_name":"Medlin","email":"mmedlinis@europa.eu","gender":"Male","salary":37005,"team":"Marketing"},{"id":678,"first_name":"Chester","last_name":"Nevinson","email":"cnevinsonit@w3.org","gender":"Male","salary":45267,"team":"Sales"},{"id":679,"first_name":"Janek","last_name":"Applegarth","email":"japplegarthiu@xrea.com","gender":"Male","salary":59680,"team":"Business Development"},{"id":680,"first_name":"Abie","last_name":"Girodier","email":"agirodieriv@jigsy.com","gender":"Male","salary":144701,"team":"Marketing"},{"id":681,"first_name":"Eal","last_name":"Sothcott","email":"esothcottiw@dropbox.com","gender":"Male","salary":35477,"team":"Human Resources"},{"id":682,"first_name":"Sande","last_name":"Whartonby","email":"swhartonbyix@quantcast.com","gender":"Agender","salary":119266,"team":"Distribution"},{"id":683,"first_name":"Pennie","last_name":"Kattenhorn","email":"pkattenhorniy@typepad.com","gender":"Female","salary":47605,"team":"Human Resources"},{"id":684,"first_name":"Amie","last_name":"Manson","email":"amansoniz@ucla.edu","gender":"Female","salary":136604,"team":"Human Resources"},{"id":685,"first_name":"Corty","last_name":"Fabbro","email":"cfabbroj0@slideshare.net","gender":"Male","salary":121250,"team":"Finance"},{"id":686,"first_name":"Merry","last_name":"Anney","email":"manneyj1@nasa.gov","gender":"Male","salary":35884,"team":"Sales"},{"id":687,"first_name":"Denny","last_name":"O'Regan","email":"doreganj2@tinypic.com","gender":"Male","salary":137144,"team":"Finance"},{"id":688,"first_name":"Dian","last_name":"Mussard","email":"dmussardj3@ca.gov","gender":"Female","salary":102697,"team":"Engineering"},{"id":689,"first_name":"Mariana","last_name":"Rawlings","email":"mrawlingsj4@miibeian.gov.cn","gender":"Polygender","salary":61999,"team":"Product"},{"id":690,"first_name":"Devland","last_name":"St. Hill","email":"dsthillj5@patch.com","gender":"Male","salary":45223,"team":"Legal"},{"id":691,"first_name":"Son","last_name":"Nijs","email":"snijsj6@uol.com.br","gender":"Male","salary":54033,"team":"Business Development"},{"id":692,"first_name":"Victoir","last_name":"Kahen","email":"vkahenj7@redcross.org","gender":"Male","salary":99747,"team":"Marketing"},{"id":693,"first_name":"Mattie","last_name":"Ollander","email":"mollanderj8@ehow.com","gender":"Male","salary":71958,"team":"Distribution"},{"id":694,"first_name":"Winnie","last_name":"Eakly","email":"weaklyj9@indiegogo.com","gender":"Genderfluid","salary":115566,"team":"Client Services"},{"id":695,"first_name":"Darius","last_name":"Leng","email":"dlengja@unesco.org","gender":"Male","salary":118369,"team":"Business Development"},{"id":696,"first_name":"Kelly","last_name":"Kyrkeman","email":"kkyrkemanjb@cpanel.net","gender":"Female","salary":51667,"team":"Product"},{"id":697,"first_name":"Sari","last_name":"Cartman","email":"scartmanjc@sohu.com","gender":"Female","salary":85858,"team":"Client Services"},{"id":698,"first_name":"Agneta","last_name":"Maybury","email":"amayburyjd@forbes.com","gender":"Female","salary":131423,"team":"Distribution"},{"id":699,"first_name":"Jay","last_name":"Gerish","email":"jgerishje@un.org","gender":"Male","salary":49538,"team":"Client Services"},{"id":700,"first_name":"Jackie","last_name":"Barlow","email":"jbarlowjf@delicious.com","gender":"Female","salary":50369,"team":"Sales"},{"id":701,"first_name":"Maurizio","last_name":"Angless","email":"manglessjg@harvard.edu","gender":"Male","salary":86615,"team":"Business Development"},{"id":702,"first_name":"Richardo","last_name":"Rieme","email":"rriemejh@godaddy.com","gender":"Male","salary":60003,"team":"Client Services"},{"id":703,"first_name":"Gayleen","last_name":"Rutland","email":"grutlandji@cam.ac.uk","gender":"Female","salary":109324,"team":"Distribution"},{"id":704,"first_name":"Birch","last_name":"Van der Son","email":"bvandersonjj@1688.com","gender":"Male","salary":103557,"team":"Business Development"},{"id":705,"first_name":"Natala","last_name":"Ruskin","email":"nruskinjk@booking.com","gender":"Female","salary":111376,"team":"Business Development"},{"id":706,"first_name":"Bordie","last_name":"Gammie","email":"bgammiejl@amazonaws.com","gender":"Male","salary":75661,"team":"Legal"},{"id":707,"first_name":"Cirstoforo","last_name":"Tettersell","email":"ctetterselljm@wikispaces.com","gender":"Male","salary":85213,"team":"Marketing"},{"id":708,"first_name":"Lorrayne","last_name":"McLafferty","email":"lmclaffertyjn@nih.gov","gender":"Female","salary":140444,"team":"Distribution"},{"id":709,"first_name":"Gilbert","last_name":"Libero","email":"gliberojo@jigsy.com","gender":"Male","salary":90427,"team":"Client Services"},{"id":710,"first_name":"Sammy","last_name":"Lintot","email":"slintotjp@msn.com","gender":"Male","salary":141439,"team":"Business Development"},{"id":711,"first_name":"Padriac","last_name":"Mannooch","email":"pmannoochjq@utexas.edu","gender":"Male","salary":43694,"team":"Engineering"},{"id":712,"first_name":"Jeannie","last_name":"Stanlike","email":"jstanlikejr@list-manage.com","gender":"Female","salary":131952,"team":"Engineering"},{"id":713,"first_name":"Wallie","last_name":"Linsey","email":"wlinseyjs@ft.com","gender":"Male","salary":96250,"team":"Business Development"},{"id":714,"first_name":"Klement","last_name":"Bearward","email":"kbearwardjt@fc2.com","gender":"Male","salary":137386,"team":"Distribution"},{"id":715,"first_name":"Sylvester","last_name":"Lamp","email":"slampju@sina.com.cn","gender":"Male","salary":104840,"team":"Engineering"},{"id":716,"first_name":"Jareb","last_name":"Knottley","email":"jknottleyjv@cdbaby.com","gender":"Male","salary":75498,"team":"Marketing"},{"id":717,"first_name":"Stanly","last_name":"Giff","email":"sgiffjw@newsvine.com","gender":"Male","salary":67471,"team":"Engineering"},{"id":718,"first_name":"Corrie","last_name":"Legrand","email":"clegrandjx@a8.net","gender":"Female","salary":101914,"team":"Distribution"},{"id":719,"first_name":"Sallyanne","last_name":"Philippault","email":"sphilippaultjy@spiegel.de","gender":"Genderqueer","salary":142410,"team":"Engineering"},{"id":720,"first_name":"Kristofor","last_name":"Pryce","email":"kprycejz@cdc.gov","gender":"Male","salary":37385,"team":"Business Development"},{"id":721,"first_name":"Vito","last_name":"Crownshaw","email":"vcrownshawk0@lulu.com","gender":"Male","salary":58423,"team":"Business Development"},{"id":722,"first_name":"Randie","last_name":"Godber","email":"rgodberk1@blogtalkradio.com","gender":"Male","salary":113425,"team":"Human Resources"},{"id":723,"first_name":"Ina","last_name":"Canfield","email":"icanfieldk2@oaic.gov.au","gender":"Female","salary":57266,"team":"Product"},{"id":724,"first_name":"Fidel","last_name":"Cadman","email":"fcadmank3@vimeo.com","gender":"Male","salary":119667,"team":"Finance"},{"id":725,"first_name":"Lambert","last_name":"Standring","email":"lstandringk4@si.edu","gender":"Male","salary":127118,"team":"Legal"},{"id":726,"first_name":"Davide","last_name":"Figiovanni","email":"dfigiovannik5@dailymotion.com","gender":"Male","salary":80838,"team":"Engineering"},{"id":727,"first_name":"Oneida","last_name":"Bullivant","email":"obullivantk6@oracle.com","gender":"Female","salary":70990,"team":"Sales"},{"id":728,"first_name":"Desmond","last_name":"Coan","email":"dcoank7@cnet.com","gender":"Male","salary":39833,"team":"Engineering"},{"id":729,"first_name":"Giacobo","last_name":"Fashion","email":"gfashionk8@ucla.edu","gender":"Male","salary":45094,"team":"Business Development"},{"id":730,"first_name":"Blake","last_name":"Caherny","email":"bcahernyk9@nasa.gov","gender":"Male","salary":93997,"team":"Business Development"},{"id":731,"first_name":"Garvey","last_name":"Powis","email":"gpowiska@nationalgeographic.com","gender":"Male","salary":121797,"team":"Product"},{"id":732,"first_name":"Shae","last_name":"Newborn","email":"snewbornkb@about.me","gender":"Male","salary":89443,"team":"Sales"},{"id":733,"first_name":"Raddy","last_name":"Edmondson","email":"redmondsonkc@jigsy.com","gender":"Polygender","salary":35802,"team":"Sales"},{"id":734,"first_name":"Diahann","last_name":"Combes","email":"dcombeskd@oaic.gov.au","gender":"Agender","salary":68164,"team":"Client Services"},{"id":735,"first_name":"Verney","last_name":"Govenlock","email":"vgovenlockke@stumbleupon.com","gender":"Male","salary":93022,"team":"Human Resources"},{"id":736,"first_name":"Rhetta","last_name":"Jordi","email":"rjordikf@fastcompany.com","gender":"Female","salary":105681,"team":"Engineering"},{"id":737,"first_name":"Ree","last_name":"Steedman","email":"rsteedmankg@creativecommons.org","gender":"Female","salary":43050,"team":"Distribution"},{"id":738,"first_name":"Nessa","last_name":"Matskiv","email":"nmatskivkh@java.com","gender":"Female","salary":44486,"team":"Engineering"},{"id":739,"first_name":"Sylas","last_name":"Hartley","email":"shartleyki@youtu.be","gender":"Male","salary":63571,"team":"Product"},{"id":740,"first_name":"Trula","last_name":"Scohier","email":"tscohierkj@paypal.com","gender":"Female","salary":75423,"team":"Business Development"},{"id":741,"first_name":"Jared","last_name":"Fransson","email":"jfranssonkk@alibaba.com","gender":"Male","salary":137359,"team":"Business Development"},{"id":742,"first_name":"Danny","last_name":"Twyford","email":"dtwyfordkl@theglobeandmail.com","gender":"Male","salary":67656,"team":"Client Services"},{"id":743,"first_name":"Tate","last_name":"Kollatsch","email":"tkollatschkm@irs.gov","gender":"Male","salary":92436,"team":"Sales"},{"id":744,"first_name":"Dean","last_name":"Martinets","email":"dmartinetskn@howstuffworks.com","gender":"Male","salary":137954,"team":"Legal"},{"id":745,"first_name":"Julius","last_name":"Mattersey","email":"jmatterseyko@stumbleupon.com","gender":"Male","salary":124566,"team":"Product"},{"id":746,"first_name":"Farlay","last_name":"d' Elboux","email":"fdelbouxkp@bloomberg.com","gender":"Male","salary":66146,"team":"Human Resources"},{"id":747,"first_name":"Tadio","last_name":"Plastow","email":"tplastowkq@zdnet.com","gender":"Male","salary":142935,"team":"Product"},{"id":748,"first_name":"Peggi","last_name":"Pestricke","email":"ppestrickekr@over-blog.com","gender":"Female","salary":46233,"team":"Engineering"},{"id":749,"first_name":"Allianora","last_name":"Farfalameev","email":"afarfalameevks@tinyurl.com","gender":"Female","salary":148985,"team":"Legal"},{"id":750,"first_name":"Karoly","last_name":"Gason","email":"kgasonkt@youku.com","gender":"Genderfluid","salary":91411,"team":"Human Resources"}]