[{"id":1,"first_name":"Curr","last_name":"Lasseter","email":"classeter0@hp.com","gender":"Male","salary":97308,"team":"Marketing"},{"id":2,"first_name":"Jamal","last_name":"Burriss","email":"jburriss1@cisco.com","gender":"Male","salary":130590,"team":"Finance"},{"id":3,"first_name":"Spence","last_name":"Abells","email":"sabells2@seattletimes.com","gender":"Male","salary":138705,"team":"Finance"},{"id":4,"first_name":"Clerc","last_name":"Skewes","email":"cskewes3@sfgate.com","gender":"Male","salary":101004,"team":"Client Services"},{"id":5,"first_name":"Pavia","last_name":"Chipp","email":"pchipp4@seattletimes.com","gender":"Polygender","salary":115163,"team":"Legal"},{"id":6,"first_name":"Walliw","last_name":"Tetther","email":"wtetther5@mapquest.com","gender":"Female","salary":65476,"team":"Product"},{"id":7,"first_name":"Hebert","last_name":"Philipsen","email":"hphilipsen6@pagesperso-orange.fr","gender":"Male","salary":95570,"team":"Engineering"},{"id":8,"first_name":"Lucina","last_name":"Whyteman","email":"lwhyteman7@rakuten.co.jp","gender":"Female","salary":139852,"team":"Business Development"},{"id":9,"first_name":"Francisco","last_name":"Marjoribanks","email":"fmarjoribanks8@tmall.com","gender":"Genderqueer","salary":102508,"team":"Legal"},{"id":10,"first_name":"Dalenna","last_name":"Lailey","email":"dlailey9@photobucket.com","gender":"Female","salary":112807,"team":"Human Resources"},{"id":11,"first_name":"Bathsheba","last_name":"Beetlestone","email":"bbeetlestonea@nsw.gov.au","gender":"Female","salary":109831,"team":"Sales"},{"id":12,"first_name":"Binny","last_name":"Demoge","email":"bdemogeb@seattletimes.com","gender":"Female","salary":41426,"team":"Finance"},{"id":13,"first_name":"Orelee","last_name":"Gregorio","email":"ogregorioc@disqus.com","gender":"Female","salary":59414,"team":"Product"},{"id":14,"first_name":"Cosme","last_name":"Bordessa","email":"cbordessad@tinypic.com","gender":"Male","salary":90370,"team":"Human Resources"},{"id":15,"first_name":"Murray","last_name":"Hulle","email":"mhullee@cbslocal.com","gender":"Male","salary":111737,"team":"Product"},{"id":16,"first_name":"Alyssa","last_name":"Philipart","email":"aphilipartf@odnoklassniki.ru","gender":"Female","salary":132940,"team":"Client Services"},{"id":17,"first_name":"Orsola","last_name":"Roggeman","email":"oroggemang@printfriendly.com","gender":"Female","salary":81014,"team":"Product"},{"id":18,"first_name":"Kerry","last_name":"Aindrais","email":"kaindraish@chronoengine.com","gender":"Male","salary":100612,"team":"Marketing"},{"id":19,"first_name":"Maribel","last_name":"Meany","email":"mmeanyi@time.com","gender":"Female","salary":97950,"team":"Client Services"},{"id":20,"first_name":"Carlos","last_name":"Dewsbury","email":"cdewsburyj@networksolutions.com","gender":"Male","salary":37598,"team":"Marketing"},{"id":21,"first_name":"Annice","last_name":"Monckton","email":"amoncktonk@instagram.com","gender":"Female","salary":124008,"team":"Client Services"},{"id":22,"first_name":"Candy","last_name":"Castletine","email":"ccastletinel@tuttocitta.it","gender":"Female","salary":79529,"team":"Legal"},{"id":23,"first_name":"Thaddeus","last_name":"Lewry","email":"tlewrym@webeden.co.uk","gender":"Non-binary","salary":118780,"team":"Engineering"},{"id":24,"first_name":"Berri","last_name":"Happs","email":"bhappsn@altervista.org","gender":"Female","salary":119082,"team":"Business Development"},{"id":25,"first_name":"Kala","last_name":"Hardiker","email":"khardikero@bloomberg.com","gender":"Female","salary":95734,"team":"Client Services"},{"id":26,"first_name":"Currie","last_name":"Monteith","email":"cmonteithp@state.gov","gender":"Male","salary":85182,"team":"Sales"},{"id":27,"first_name":"Thorin","last_name":"Kobieriecki","email":"tkobierieckiq@dyndns.org","gender":"Male","salary":142032,"team":"Business Development"},{"id":28,"first_name":"Erasmus","last_name":"Kittiman","email":"ekittimanr@cornell.edu","gender":"Male","salary":57427,"team":"Client Services"},{"id":29,"first_name":"Iormina","last_name":"Benduhn","email":"ibenduhns@nature.com","gender":"Female","salary":36844,"team":"Business Development"},{"id":30,"first_name":"Loren","last_name":"Harce","email":"lharcet@instagram.com","gender":"Female","salary":99283,"team":"Distribution"},{"id":31,"first_name":"Ag","last_name":"Sacher","email":"asacheru@cisco.com","gender":"Female","salary":121918,"team":"Legal"},{"id":32,"first_name":"Brandy","last_name":"Matthius","email":"bmatthiusv@printfriendly.com","gender":"Male","salary":73524,"team":"Marketing"},{"id":33,"first_name":"Fletch","last_name":"Kearton","email":"fkeartonw@google.com.br","gender":"Male","salary":145146,"team":"Product"},{"id":34,"first_name":"Kelwin","last_name":"Kroch","email":"kkrochx@bandcamp.com","gender":"Male","salary":88010,"team":"Sales"},{"id":35,"first_name":"Gordy","last_name":"Passfield","email":"gpassfieldy@bloglines.com","gender":"Male","salary":114796,"team":"Finance"},{"id":36,"first_name":"Locke","last_name":"Cornford","email":"lcornfordz@t.co","gender":"Male","salary":66820,"team":"Client Services"},{"id":37,"first_name":"Ibrahim","last_name":"Francesc","email":"ifrancesc10@photobucket.com","gender":"Male","salary":93581,"team":"Business Development"},{"id":38,"first_name":"Keefer","last_name":"Saw","email":"ksaw11@mapy.cz","gender":"Bigender","salary":94976,"team":"Engineering"},{"id":39,"first_name":"Alric","last_name":"Capini","email":"acapini12@t-online.de","gender":"Male","salary":49339,"team":"Human Resources"},{"id":40,"first_name":"Opaline","last_name":"Guidelli","email":"oguidelli13@youtube.com","gender":"Female","salary":83677,"team":"Engineering"},{"id":41,"first_name":"Barry","last_name":"Koene","email":"bkoene14@comcast.net","gender":"Female","salary":102488,"team":"Product"},{"id":42,"first_name":"Dulcinea","last_name":"Cranna","email":"dcranna15@vkontakte.ru","gender":"Female","salary":130276,"team":"Finance"},{"id":43,"first_name":"Kristoffer","last_name":"Selburn","email":"kselburn16@github.com","gender":"Male","salary":64715,"team":"Human Resources"},{"id":44,"first_name":"Bryant","last_name":"Pavelka","email":"bpavelka17@discovery.com","gender":"Male","salary":72670,"team":"Engineering"},{"id":45,"first_name":"Puff","last_name":"Jeness","email":"pjeness18@toplist.cz","gender":"Male","salary":66851,"team":"Engineering"},{"id":46,"first_name":"Bucky","last_name":"Weblin","email":"bweblin19@newyorker.com","gender":"Male","salary":106862,"team":"Business Development"},{"id":47,"first_name":"Helaine","last_name":"Dowker","email":"hdowker1a@pagesperso-orange.fr","gender":"Female","salary":35203,"team":"Human Resources"},{"id":48,"first_name":"Sile","last_name":"Burthom","email":"sburthom1b@sogou.com","gender":"Female","salary":61310,"team":"Distribution"},{"id":49,"first_name":"Guinna","last_name":"Joicey","email":"gjoicey1c@tuttocitta.it","gender":"Female","salary":125250,"team":"Business Development"},{"id":50,"first_name":"Wiley","last_name":"Lohde","email":"wlohde1d@rambler.ru","gender":"Male","salary":51178,"team":"Finance"},{"id":51,"first_name":"Evyn","last_name":"Kynvin","email":"ekynvin1e@usda.gov","gender":"Male","salary":84834,"team":"Finance"},{"id":52,"first_name":"Finley","last_name":"Valente","email":"fvalente1f@vk.com","gender":"Male","salary":118172,"team":"Sales"},{"id":53,"first_name":"Gunilla","last_name":"Beggi","email":"gbeggi1g@umich.edu","gender":"Female","salary":54043,"team":"Product"},{"id":54,"first_name":"Broderick","last_name":"Domini","email":"bdomini1h@scientificamerican.com","gender":"Male","salary":90582,"team":"Sales"},{"id":55,"first_name":"Krystalle","last_name":"Piercy","email":"kpiercy1i@amazonaws.com","gender":"Female","salary":62096,"team":"Marketing"},{"id":56,"first_name":"Isabel","last_name":"Bisatt","email":"ibisatt1j@gravatar.com","gender":"Female","salary":104897,"team":"Human Resources"},{"id":57,"first_name":"Gerhardine","last_name":"Coolahan","email":"gcoolahan1k@reference.com","gender":"Bigender","salary":131604,"team":"Distribution"},{"id":58,"first_name":"Gonzales","last_name":"Laborde","email":"glaborde1l@mediafire.com","gender":"Male","salary":107391,"team":"Marketing"},{"id":59,"first_name":"Avrom","last_name":"Schelle","email":"aschelle1m@virginia.edu","gender":"Male","salary":114797,"team":"Sales"},{"id":60,"first_name":"Parker","last_name":"Reggio","email":"preggio1n@bluehost.com","gender":"Male","salary":115814,"team":"Product"},{"id":61,"first_name":"Leo","last_name":"Conew","email":"lconew1o@salon.com","gender":"Male","salary":47369,"team":"Legal"},{"id":62,"first_name":"Robbert","last_name":"Ivankovic","email":"rivankovic1p@nba.com","gender":"Male","salary":35095,"team":"Client Services"},{"id":63,"first_name":"Tamqrah","last_name":"Sarfati","email":"tsarfati1q@reverbnation.com","gender":"Female","salary":148115,"team":"Finance"},{"id":64,"first_name":"Kevyn","last_name":"Battman","email":"kbattman1r@nytimes.com","gender":"Female","salary":83072,"team":"Finance"},{"id":65,"first_name":"Levi","last_name":"Francesconi","email":"lfrancesconi1s@ning.com","gender":"Male","salary":100238,"team":"Client Services"},{"id":66,"first_name":"Chery","last_name":"Brumfitt","email":"cbrumfitt1t@chicagotribune.com","gender":"Female","salary":144887,"team":"Sales"},{"id":67,"first_name":"Bucky","last_name":"Pappin","email":"bpappin1u@redcross.org","gender":"Male","salary":64088,"team":"Legal"},{"id":68,"first_name":"Lezley","last_name":"Smurfit","email":"lsmurfit1v@ucla.edu","gender":"Genderfluid","salary":51082,"team":"Legal"},{"id":69,"first_name":"Madelene","last_name":"Leftwich","email":"mleftwich1w@infoseek.co.jp","gender":"Female","salary":119009,"team":"Business Development"},{"id":70,"first_name":"Alyda","last_name":"Broodes","email":"abroodes1x@whitehouse.gov","gender":"Female","salary":130620,"team":"Legal"},{"id":71,"first_name":"Tiebout","last_name":"Knewstubb","email":"tknewstubb1y@independent.co.uk","gender":"Male","salary":43026,"team":"Client Services"},{"id":72,"first_name":"Morly","last_name":"Althrope","email":"malthrope1z@harvard.edu","gender":"Male","salary":142321,"team":"Finance"},{"id":73,"first_name":"Darla","last_name":"Leyre","email":"dleyre20@washington.edu","gender":"Female","salary":100705,"team":"Marketing"},{"id":74,"first_name":"Nils","last_name":"Doby","email":"ndoby21@sun.com","gender":"Male","salary":77544,"team":"Business Development"},{"id":75,"first_name":"Elvyn","last_name":"Linnock","email":"elinnock22@mozilla.com","gender":"Male","salary":48109,"team":"Finance"},{"id":76,"first_name":"William","last_name":"Norquay","email":"wnorquay23@oakley.com","gender":"Male","salary":61602,"team":"Marketing"},{"id":77,"first_name":"Giraud","last_name":"Kettel","email":"gkettel24@foxnews.com","gender":"Male","salary":103902,"team":"Client Services"},{"id":78,"first_name":"Yvor","last_name":"Kinney","email":"ykinney25@rakuten.co.jp","gender":"Male","salary":136984,"team":"Finance"},{"id":79,"first_name":"Angelle","last_name":"Vials","email":"avials26@house.gov","gender":"Female","salary":80740,"team":"Marketing"},{"id":80,"first_name":"Kiersten","last_name":"Davern","email":"kdavern27@google.ca","gender":"Female","salary":91712,"team":"Finance"},{"id":81,"first_name":"Tammara","last_name":"Murcutt","email":"tmurcutt28@omniture.com","gender":"Female","salary":42146,"team":"Legal"},{"id":82,"first_name":"Quinta","last_name":"Moine","email":"qmoine29@nasa.gov","gender":"Female","salary":68680,"team":"Legal"},{"id":83,"first_name":"Zach","last_name":"Walak","email":"zwalak2a@addtoany.com","gender":"Male","salary":147113,"team":"Legal"},{"id":84,"first_name":"Doe","last_name":"Vicioso","email":"dvicioso2b@twitter.com","gender":"Female","salary":42153,"team":"Business Development"},{"id":85,"first_name":"Denise","last_name":"Bloomer","email":"dbloomer2c@constantcontact.com","gender":"Female","salary":64363,"team":"Marketing"},{"id":86,"first_name":"Harald","last_name":"Biesinger","email":"hbiesinger2d@goodreads.com","gender":"Male","salary":114767,"team":"Engineering"},{"id":87,"first_name":"Rosene","last_name":"Grindlay","email":"rgrindlay2e@issuu.com","gender":"Female","salary":58698,"team":"Business Development"},{"id":88,"first_name":"Analise","last_name":"Chellam","email":"achellam2f@ft.com","gender":"Female","salary":54585,"team":"Product"},{"id":89,"first_name":"Galvin","last_name":"Saffrin","email":"gsaffrin2g@macromedia.com","gender":"Male","salary":109095,"team":"Finance"},{"id":90,"first_name":"Taite","last_name":"Ornillos","email":"tornillos2h@toplist.cz","gender":"Male","salary":120204,"team":"Business Development"},{"id":91,"first_name":"Franciskus","last_name":"Forbes","email":"fforbes2i@themeforest.net","gender":"Male","salary":41054,"team":"Marketing"},{"id":92,"first_name":"Donal","last_name":"Timpany","email":"dtimpany2j@blogspot.com","gender":"Male","salary":84885,"team":"Business Development"},{"id":93,"first_name":"Deanna","last_name":"Greendale","email":"dgreendale2k@umn.edu","gender":"Female","salary":110169,"team":"Engineering"},{"id":94,"first_name":"Morton","last_name":"Colleton","email":"mcolleton2l@unblog.fr","gender":"Male","salary":73789,"team":"Product"},{"id":95,"first_name":"Hedda","last_name":"Daughtrey","email":"hdaughtrey2m@woothemes.com","gender":"Female","salary":76078,"team":"Product"},{"id":96,"first_name":"Cleon","last_name":"Marvell","email":"cmarvell2n@skype.com","gender":"Male","salary":49368,"team":"Human Resources"},{"id":97,"first_name":"Margie","last_name":"Collum","email":"mcollum2o@odnoklassniki.ru","gender":"Female","salary":57325,"team":"Human Resources"},{"id":98,"first_name":"Jenifer","last_name":"Conelly","email":"jconelly2p@economist.com","gender":"Female","salary":66521,"team":"Human Resources"},{"id":99,"first_name":"Mel","last_name":"Drakeford","email":"mdrakeford2q@nature.com","gender":"Polygender","salary":127654,"team":"Client Services"},{"id":100,"first_name":"Felic","last_name":"Nilges","email":"fnilges2r@fda.gov","gender":"Male","salary":60866,"team":"Business Development"},{"id":101,"first_name":"Ethe","last_name":"Hanwright","email":"ehanwright2s@cafepress.com","gender":"Male","salary":41334,"team":"Human Resources"},{"id":102,"first_name":"Eddie","last_name":"Sammons","email":"esammons2t@wikipedia.org","gender":"Female","salary":94231,"team":"Product"},{"id":103,"first_name":"Corinna","last_name":"Marns","email":"cmarns2u@businesswire.com","gender":"Female","salary":146670,"team":"Human Resources"},{"id":104,"first_name":"Trish","last_name":"Budden","email":"tbudden2v@census.gov","gender":"Female","salary":106317,"team":"Client Services"},{"id":105,"first_name":"Maddy","last_name":"Nelle","email":"mnelle2w@sohu.com","gender":"Female","salary":109260,"team":"Business Development"},{"id":106,"first_name":"Kristyn","last_name":"Wanne","email":"kwanne2x@paypal.com","gender":"Female","salary":134148,"team":"Legal"},{"id":107,"first_name":"Jorge","last_name":"Guitton","email":"jguitton2y@ycombinator.com","gender":"Genderqueer","salary":43542,"team":"Legal"},{"id":108,"first_name":"Annamarie","last_name":"Petz","email":"apetz2z@geocities.jp","gender":"Female","salary":95327,"team":"Distribution"},{"id":109,"first_name":"Vite","last_name":"Munkley","email":"vmunkley30@google.cn","gender":"Male","salary":112238,"team":"Engineering"},{"id":110,"first_name":"Keefer","last_name":"Dinsale","email":"kdinsale31@wordpress.org","gender":"Male","salary":113850,"team":"Marketing"},{"id":111,"first_name":"Stanfield","last_name":"Maycey","email":"smaycey32@msn.com","gender":"Non-binary","salary":110194,"team":"Product"},{"id":112,"first_name":"Buck","last_name":"Bottell","email":"bbottell33@techcrunch.com","gender":"Male","salary":146129,"team":"Finance"},{"id":113,"first_name":"Deena","last_name":"Rides","email":"drides34@vkontakte.ru","gender":"Female","salary":71715,"team":"Client Services"},{"id":114,"first_name":"Gail","last_name":"Weildish","email":"gweildish35@symantec.com","gender":"Female","salary":95322,"team":"Product"},{"id":115,"first_name":"Mela","last_name":"Rickeard","email":"mrickeard36@lycos.com","gender":"Female","salary":89227,"team":"Legal"},{"id":116,"first_name":"Micheil","last_name":"Maddison","email":"mmaddison37@msu.edu","gender":"Male","salary":135490,"team":"Marketing"},{"id":117,"first_name":"Tannie","last_name":"Newbury","email":"tnewbury38@cbslocal.com","gender":"Male","salary":129297,"team":"Client Services"},{"id":118,"first_name":"Janis","last_name":"Fosberry","email":"jfosberry39@live.com","gender":"Female","salary":85730,"team":"Product"},{"id":119,"first_name":"Rogers","last_name":"Giacobbo","email":"rgiacobbo3a@dedecms.com","gender":"Male","salary":104058,"team":"Business Development"},{"id":120,"first_name":"Arnie","last_name":"Brooks","email":"abrooks3b@latimes.com","gender":"Male","salary":105062,"team":"Human Resources"},{"id":121,"first_name":"Waylen","last_name":"Donaghie","email":"wdonaghie3c@addthis.com","gender":"Male","salary":114412,"team":"Marketing"},{"id":122,"first_name":"Sharyl","last_name":"Glaves","email":"sglaves3d@indiatimes.com","gender":"Polygender","salary":149563,"team":"Finance"},{"id":123,"first_name":"Roch","last_name":"Rickasse","email":"rrickasse3e@1688.com","gender":"Female","salary":89786,"team":"Legal"},{"id":124,"first_name":"Jorey","last_name":"Fancett","email":"jfancett3f@auda.org.au","gender":"Female","salary":52226,"team":"Client Services"},{"id":125,"first_name":"Hammad","last_name":"Cella","email":"hcella3g@zimbio.com","gender":"Genderqueer","salary":134645,"team":"Business Development"},{"id":126,"first_name":"Michel","last_name":"Sandever","email":"msandever3h@people.com.cn","gender":"Male","salary":142178,"team":"Sales"},{"id":127,"first_name":"Franchot","last_name":"MacAloren","email":"fmacaloren3i@ca.gov","gender":"Male","salary":53754,"team":"Product"},{"id":128,"first_name":"Shepherd","last_name":"Fligg","email":"sfligg3j@about.me","gender":"Male","salary":133772,"team":"Sales"},{"id":129,"first_name":"Jilli","last_name":"Kingman","email":"jkingman3k@cmu.edu","gender":"Female","salary":143499,"team":"Engineering"},{"id":130,"first_name":"Kimbra","last_name":"Rounding","email":"krounding3l@exblog.jp","gender":"Female","salary":97058,"team":"Finance"},{"id":131,"first_name":"Tobe","last_name":"Dyble","email":"tdyble3m@uol.com.br","gender":"Male","salary":85446,"team":"Engineering"},{"id":132,"first_name":"Sondra","last_name":"Wombwell","email":"swombwell3n@homestead.com","gender":"Female","salary":146651,"team":"Engineering"},{"id":133,"first_name":"Lexy","last_name":"Maceur","email":"lmaceur3o@tinypic.com","gender":"Female","salary":124486,"team":"Product"},{"id":134,"first_name":"Renard","last_name":"Grichukhin","email":"rgrichukhin3p@indiegogo.com","gender":"Non-binary","salary":102652,"team":"Distribution"},{"id":135,"first_name":"Missie","last_name":"Kindle","email":"mkindle3q@ovh.net","gender":"Female","salary":144474,"team":"Product"},{"id":136,"first_name":"Waylon","last_name":"Vannini","email":"wvannini3r@pbs.org","gender":"Male","salary":68759,"team":"Finance"},{"id":137,"first_name":"Vere","last_name":"Walicki","email":"vwalicki3s@time.com","gender":"Female","salary":57286,"team":"Business Development"},{"id":138,"first_name":"Gage","last_name":"Castletine","email":"gcastletine3t@a8.net","gender":"Male","salary":58129,"team":"Distribution"},{"id":139,"first_name":"Batsheva","last_name":"Pixton","email":"bpixton3u@phpbb.com","gender":"Female","salary":123940,"team":"Business Development"},{"id":140,"first_name":"Emiline","last_name":"Hansman","email":"ehansman3v@qq.com","gender":"Agender","salary":140810,"team":"Client Services"},{"id":141,"first_name":"Hersh","last_name":"Antunes","email":"hantunes3w@epa.gov","gender":"Male","salary":42090,"team":"Legal"},{"id":142,"first_name":"Floria","last_name":"Korn","email":"fkorn3x@disqus.com","gender":"Female","salary":51430,"team":"Marketing"},{"id":143,"first_name":"Sondra","last_name":"Pow","email":"spow3y@squarespace.com","gender":"Polygender","salary":71749,"team":"Legal"},{"id":144,"first_name":"Anastasie","last_name":"Randall","email":"arandall3z@wikipedia.org","gender":"Female","salary":85700,"team":"Sales"},{"id":145,"first_name":"Dolly","last_name":"D'Angeli","email":"ddangeli40@google.ru","gender":"Female","salary":57783,"team":"Finance"},{"id":146,"first_name":"Lacey","last_name":"Muglestone","email":"lmuglestone41@fda.gov","gender":"Female","salary":36946,"team":"Engineering"},{"id":147,"first_name":"Vergil","last_name":"Sulland","email":"vsulland42@live.com","gender":"Male","salary":109259,"team":"Legal"},{"id":148,"first_name":"Marylou","last_name":"Loan","email":"mloan43@oracle.com","gender":"Female","salary":131038,"team":"Distribution"},{"id":149,"first_name":"Aloise","last_name":"Saggs","email":"asaggs44@mapy.cz","gender":"Female","salary":121068,"team":"Product"},{"id":150,"first_name":"Patrica","last_name":"Methuen","email":"pmethuen45@hhs.gov","gender":"Female","salary":62719,"team":"Client Services"},{"id":151,"first_name":"Devinne","last_name":"Atwood","email":"datwood46@washingtonpost.com","gender":"Female","salary":69268,"team":"Client Services"},{"id":152,"first_name":"Suzi","last_name":"Bestiman","email":"sbestiman47@skype.com","gender":"Female","salary":36067,"team":"Product"},{"id":153,"first_name":"Bennie","last_name":"Havill","email":"bhavill48@constantcontact.com","gender":"Male","salary":89661,"team":"Finance"},{"id":154,"first_name":"Gannie","last_name":"Schooling","email":"gschooling49@arstechnica.com","gender":"Male","salary":36643,"team":"Marketing"},{"id":155,"first_name":"Lynnet","last_name":"Broadfoot","email":"lbroadfoot4a@go.com","gender":"Female","salary":140558,"team":"Sales"},{"id":156,"first_name":"Dania","last_name":"Balser","email":"dbalser4b@yellowbook.com","gender":"Female","salary":103521,"team":"Business Development"},{"id":157,"first_name":"Neala","last_name":"Agge","email":"nagge4c@a8.net","gender":"Female","salary":55281,"team":"Marketing"},{"id":158,"first_name":"Ellissa","last_name":"Winterbourne","email":"ewinterbourne4d@squidoo.com","gender":"Female","salary":115711,"team":"Finance"},{"id":159,"first_name":"Kylen","last_name":"Rothman","email":"krothman4e@opensource.org","gender":"Polygender","salary":114079,"team":"Client Services"},{"id":160,"first_name":"Dukie","last_name":"Ayars","email":"dayars4f@google.it","gender":"Male","salary":57531,"team":"Client Services"},{"id":161,"first_name":"Emelen","last_name":"Sarll","email":"esarll4g@webs.com","gender":"Male","salary":141069,"team":"Human Resources"},{"id":162,"first_name":"Inglebert","last_name":"Townsend","email":"itownsend4h@g.co","gender":"Genderfluid","salary":89434,"team":"Engineering"},{"id":163,"first_name":"Sasha","last_name":"O'Concannon","email":"soconcannon4i@prweb.com","gender":"Genderqueer","salary":44639,"team":"Legal"},{"id":164,"first_name":"Domeniga","last_name":"Tyhurst","email":"dtyhurst4j@seattletimes.com","gender":"Female","salary":110967,"team":"Human Resources"},{"id":165,"first_name":"Vivie","last_name":"Brittle","email":"vbrittle4k@independent.co.uk","gender":"Female","salary":115387,"team":"Client Services"},{"id":166,"first_name":"Odilia","last_name":"MacTerlagh","email":"omacterlagh4l@squarespace.com","gender":"Genderfluid","salary":81673,"team":"Engineering"},{"id":167,"first_name":"Gilles","last_name":"McGeady","email":"gmcgeady4m@nps.gov","gender":"Male","salary":109588,"team":"Engineering"},{"id":168,"first_name":"Bernice","last_name":"Tryhorn","email":"btryhorn4n@youtu.be","gender":"Female","salary":92544,"team":"Client Services"},{"id":169,"first_name":"Pernell","last_name":"Davion","email":"pdavion4o@cnet.com","gender":"Male","salary":142373,"team":"Marketing"},{"id":170,"first_name":"Rourke","last_name":"Messier","email":"rmessier4p@dell.com","gender":"Male","salary":83341,"team":"Client Services"},{"id":171,"first_name":"Margareta","last_name":"Taffie","email":"mtaffie4q@example.com","gender":"Female","salary":120444,"team":"Finance"},{"id":172,"first_name":"Blondy","last_name":"Mayers","email":"bmayers4r@psu.edu","gender":"Female","salary":109564,"team":"Legal"},{"id":173,"first_name":"Bud","last_name":"Bernaldo","email":"bbernaldo4s@deviantart.com","gender":"Male","salary":78417,"team":"Finance"},{"id":174,"first_name":"Brenn","last_name":"Beddoes","email":"bbeddoes4t@desdev.cn","gender":"Female","salary":106947,"team":"Legal"},{"id":175,"first_name":"Aymer","last_name":"Burndred","email":"aburndred4u@google.fr","gender":"Male","salary":87298,"team":"Distribution"},{"id":176,"first_name":"Lilias","last_name":"Fishpond","email":"lfishpond4v@yandex.ru","gender":"Female","salary":64579,"team":"Sales"},{"id":177,"first_name":"Pammy","last_name":"Malenoir","email":"pmalenoir4w@theguardian.com","gender":"Female","salary":50905,"team":"Finance"},{"id":178,"first_name":"Finley","last_name":"Foyston","email":"ffoyston4x@yellowpages.com","gender":"Male","salary":59728,"team":"Client Services"},{"id":179,"first_name":"Giraud","last_name":"Lassells","email":"glassells4y@ed.gov","gender":"Male","salary":51685,"team":"Engineering"},{"id":180,"first_name":"Graham","last_name":"Jedrzaszkiewicz","email":"gjedrzaszkiewicz4z@msu.edu","gender":"Male","salary":49542,"team":"Distribution"},{"id":181,"first_name":"Brett","last_name":"Lissemore","email":"blissemore50@dailymail.co.uk","gender":"Male","salary":64084,"team":"Product"},{"id":182,"first_name":"Roddy","last_name":"Chidley","email":"rchidley51@yelp.com","gender":"Male","salary":147663,"team":"Human Resources"},{"id":183,"first_name":"Barrett","last_name":"Arrington","email":"barrington52@guardian.co.uk","gender":"Genderqueer","salary":73935,"team":"Sales"},{"id":184,"first_name":"Anet","last_name":"Crosier","email":"acrosier53@marketwatch.com","gender":"Female","salary":40837,"team":"Client Services"},{"id":185,"first_name":"Karlik","last_name":"Kurth","email":"kkurth54@prlog.org","gender":"Male","salary":94393,"team":"Engineering"},{"id":186,"first_name":"Ethelbert","last_name":"Chatwood","email":"echatwood55@shutterfly.com","gender":"Male","salary":42087,"team":"Product"},{"id":187,"first_name":"Brant","last_name":"Ivakhin","email":"bivakhin56@paginegialle.it","gender":"Male","salary":52080,"team":"Legal"},{"id":188,"first_name":"Hollis","last_name":"Shyres","email":"hshyres57@ted.com","gender":"Male","salary":35061,"team":"Legal"},{"id":189,"first_name":"Derward","last_name":"Crosdill","email":"dcrosdill58@so-net.ne.jp","gender":"Male","salary":127813,"team":"Finance"},{"id":190,"first_name":"Melisent","last_name":"Ulyatt","email":"mulyatt59@timesonline.co.uk","gender":"Female","salary":38041,"team":"Engineering"},{"id":191,"first_name":"Renell","last_name":"Braidford","email":"rbraidford5a@tuttocitta.it","gender":"Female","salary":126310,"team":"Product"},{"id":192,"first_name":"Sol","last_name":"Skillern","email":"sskillern5b@cnbc.com","gender":"Male","salary":142561,"team":"Client Services"},{"id":193,"first_name":"Gail","last_name":"Maddrah","email":"gmaddrah5c@nationalgeographic.com","gender":"Male","salary":70817,"team":"Engineering"},{"id":194,"first_name":"Erich","last_name":"Ochiltree","email":"eochiltree5d@intel.com","gender":"Male","salary":82782,"team":"Distribution"},{"id":195,"first_name":"Sibyl","last_name":"Thyer","email":"sthyer5e@harvard.edu","gender":"Male","salary":104896,"team":"Business Development"},{"id":196,"first_name":"Rriocard","last_name":"Warrior","email":"rwarrior5f@gov.uk","gender":"Male","salary":71896,"team":"Marketing"},{"id":197,"first_name":"Valentine","last_name":"Josefsson","email":"vjosefsson5g@google.pl","gender":"Female","salary":110485,"team":"Client Services"},{"id":198,"first_name":"Nichols","last_name":"Eley","email":"neley5h@slate.com","gender":"Male","salary":115118,"team":"Human Resources"},{"id":199,"first_name":"Basilius","last_name":"Wippermann","email":"bwippermann5i@imageshack.us","gender":"Male","salary":48696,"team":"Legal"},{"id":200,"first_name":"Sibeal","last_name":"Bachellier","email":"sbachellier5j@state.tx.us","gender":"Female","salary":89258,"team":"Human Resources"},{"id":201,"first_name":"Noble","last_name":"Froom","email":"nfroom5k@blinklist.com","gender":"Male","salary":90730,"team":"Distribution"},{"id":202,"first_name":"Morna","last_name":"Mc Faul","email":"mmcfaul5l@parallels.com","gender":"Female","salary":100308,"team":"Product"},{"id":203,"first_name":"Roosevelt","last_name":"Younghusband","email":"ryounghusband5m@state.tx.us","gender":"Male","salary":69134,"team":"Engineering"},{"id":204,"first_name":"Lezley","last_name":"Sigert","email":"lsigert5n@icio.us","gender":"Male","salary":50141,"team":"Human Resources"},{"id":205,"first_name":"Hamid","last_name":"Allanby","email":"hallanby5o@mtv.com","gender":"Male","salary":101941,"team":"Client Services"},{"id":206,"first_name":"Mada","last_name":"Sheehy","email":"msheehy5p@usda.gov","gender":"Female","salary":56526,"team":"Finance"},{"id":207,"first_name":"Arron","last_name":"Graffin","email":"agraffin5q@netscape.com","gender":"Male","salary":103235,"team":"Human Resources"},{"id":208,"first_name":"Adey","last_name":"Ostick","email":"aostick5r@cnn.com","gender":"Female","salary":74129,"team":"Product"},{"id":209,"first_name":"Barthel","last_name":"Garfath","email":"bgarfath5s@harvard.edu","gender":"Male","salary":74669,"team":"Product"},{"id":210,"first_name":"Lucio","last_name":"Boothebie","email":"lboothebie5t@hao123.com","gender":"Male","salary":97490,"team":"Marketing"},{"id":211,"first_name":"Hanna","last_name":"Effnert","email":"heffnert5u@forbes.com","gender":"Female","salary":104250,"team":"Business Development"},{"id":212,"first_name":"Fiann","last_name":"Goble","email":"fgoble5v@rambler.ru","gender":"Female","salary":94345,"team":"Finance"},{"id":213,"first_name":"Mead","last_name":"Fortie","email":"mfortie5w@t.co","gender":"Male","salary":51613,"team":"Distribution"},{"id":214,"first_name":"Elga","last_name":"Crosland","email":"ecrosland5x@linkedin.com","gender":"Female","salary":105946,"team":"Business Development"},{"id":215,"first_name":"Adelina","last_name":"June","email":"ajune5y@washington.edu","gender":"Female","salary":46080,"team":"Business Development"},{"id":216,"first_name":"Bondie","last_name":"Najafian","email":"bnajafian5z@thetimes.co.uk","gender":"Male","salary":134610,"team":"Human Resources"},{"id":217,"first_name":"Welsh","last_name":"Sheriff","email":"wsheriff60@umich.edu","gender":"Male","salary":107281,"team":"Engineering"},{"id":218,"first_name":"Brandon","last_name":"Sirett","email":"bsirett61@utexas.edu","gender":"Non-binary","salary":141521,"team":"Client Services"},{"id":219,"first_name":"Mohandas","last_name":"Beecham","email":"mbeecham62@disqus.com","gender":"Male","salary":65931,"team":"Human Resources"},{"id":220,"first_name":"Tremaine","last_name":"Zorn","email":"tzorn63@springer.com","gender":"Male","salary":69989,"team":"Finance"},{"id":221,"first_name":"Harry","last_name":"Walbrun","email":"hwalbrun64@dmoz.org","gender":"Male","salary":147183,"team":"Client Services"},{"id":222,"first_name":"Karena","last_name":"Petersen","email":"kpetersen65@who.int","gender":"Female","salary":75145,"team":"Legal"},{"id":223,"first_name":"Helaina","last_name":"le Keux","email":"hlekeux66@yelp.com","gender":"Female","salary":132839,"team":"Client Services"},{"id":224,"first_name":"Asa","last_name":"Macklin","email":"amacklin67@sakura.ne.jp","gender":"Male","salary":44537,"team":"Client Services"},{"id":225,"first_name":"Harlin","last_name":"Lumm","email":"hlumm68@delicious.com","gender":"Male","salary":118733,"team":"Marketing"},{"id":226,"first_name":"Pen","last_name":"McFadden","email":"pmcfadden69@mit.edu","gender":"Agender","salary":46905,"team":"Distribution"},{"id":227,"first_name":"Harwell","last_name":"Dinjes","email":"hdinjes6a@vimeo.com","gender":"Male","salary":79582,"team":"Legal"},{"id":228,"first_name":"Darya","last_name":"Marsay","email":"dmarsay6b@issuu.com","gender":"Female","salary":123811,"team":"Human Resources"},{"id":229,"first_name":"Kai","last_name":"Salzberger","email":"ksalzberger6c@aol.com","gender":"Female","salary":36711,"team":"Human Resources"},{"id":230,"first_name":"Tamarah","last_name":"Pembry","email":"tpembry6d@wikia.com","gender":"Female","salary":111786,"team":"Engineering"},{"id":231,"first_name":"Celestyn","last_name":"Mathy","email":"cmathy6e@pinterest.com","gender":"Female","salary":72257,"team":"Engineering"},{"id":232,"first_name":"Domenic","last_name":"Bardell","email":"dbardell6f@sciencedaily.com","gender":"Male","salary":71276,"team":"Human Resources"},{"id":233,"first_name":"Tommy","last_name":"Washbrook","email":"twashbrook6g@amazon.co.jp","gender":"Female","salary":46930,"team":"Finance"},{"id":234,"first_name":"Trenton","last_name":"Marklin","email":"tmarklin6h@guardian.co.uk","gender":"Male","salary":125220,"team":"Marketing"},{"id":235,"first_name":"Culley","last_name":"Bewly","email":"cbewly6i@gizmodo.com","gender":"Male","salary":121477,"team":"Business Development"},{"id":236,"first_name":"Robbyn","last_name":"Ortells","email":"rortells6j@businessweek.com","gender":"Female","salary":86386,"team":"Distribution"},{"id":237,"first_name":"Marci","last_name":"Myott","email":"mmyott6k@pinterest.com","gender":"Female","salary":81308,"team":"Legal"},{"id":238,"first_name":"Elden","last_name":"Gallear","email":"egallear6l@youtu.be","gender":"Male","salary":84810,"team":"Marketing"},{"id":239,"first_name":"Daron","last_name":"Pratte","email":"dpratte6m@google.nl","gender":"Female","salary":66775,"team":"Legal"},{"id":240,"first_name":"Cosmo","last_name":"Jobbins","email":"cjobbins6n@epa.gov","gender":"Male","salary":121604,"team":"Sales"},{"id":241,"first_name":"Briant","last_name":"McGeagh","email":"bmcgeagh6o@so-net.ne.jp","gender":"Male","salary":109510,"team":"Legal"},{"id":242,"first_name":"Sonya","last_name":"Mackett","email":"smackett6p@jiathis.com","gender":"Female","salary":123711,"team":"Product"},{"id":243,"first_name":"Raimund","last_name":"Pauly","email":"rpauly6q@ustream.tv","gender":"Male","salary":132381,"team":"Business Development"},{"id":244,"first_name":"Gretta","last_name":"Bosdet","email":"gbosdet6r@naver.com","gender":"Female","salary":148225,"team":"Finance"},{"id":245,"first_name":"Alyosha","last_name":"Buddleigh","email":"abuddleigh6s@sina.com.cn","gender":"Agender","salary":145988,"team":"Marketing"},{"id":246,"first_name":"Anabal","last_name":"Focke","email":"afocke6t@yahoo.co.jp","gender":"Female","salary":56926,"team":"Sales"},{"id":247,"first_name":"Virgie","last_name":"Dyke","email":"vdyke6u@mail.ru","gender":"Male","salary":41428,"team":"Product"},{"id":248,"first_name":"Clarke","last_name":"Frentz","email":"cfrentz6v@deviantart.com","gender":"Male","salary":115658,"team":"Sales"},{"id":249,"first_name":"Shaylyn","last_name":"Jee","email":"sjee6w@slideshare.net","gender":"Female","salary":76707,"team":"Business Development"},{"id":250,"first_name":"Birgit","last_name":"Loyndon","email":"bloyndon6x@seesaa.net","gender":"Female","salary":60388,"team":"Client Services"}]