[{"id":251,"first_name":"Randa","last_name":"Stolte","email":"rstolte6y@ebay.com","gender":"Female","salary":45150,"team":"Product"},{"id":252,"first_name":"Pennie","last_name":"Heare","email":"pheare6z@altervista.org","gender":"Female","salary":58755,"team":"Marketing"},{"id":253,"first_name":"Archaimbaud","last_name":"Bricknall","email":"abricknall70@tiny.cc","gender":"Male","salary":76076,"team":"Finance"},{"id":254,"first_name":"Regine","last_name":"Hancell","email":"rhancell71@ucsd.edu","gender":"Female","salary":135119,"team":"Client Services"},{"id":255,"first_name":"Lyndell","last_name":"Burnes","email":"lburnes72@arstechnica.com","gender":"Female","salary":36759,"team":"Marketing"},{"id":256,"first_name":"Noach","last_name":"MacAndreis","email":"nmacandreis73@instagram.com","gender":"Male","salary":121723,"team":"Product"},{"id":257,"first_name":"Rhea","last_name":"Bosse","email":"rbosse74@fastcompany.com","gender":"Female","salary":110061,"team":"Client Services"},{"id":258,"first_name":"Staffard","last_name":"Augur","email":"saugur75@ftc.gov","gender":"Male","salary":85074,"team":"Client Services"},{"id":259,"first_name":"Kerrie","last_name":"Peat","email":"kpeat76@sun.com","gender":"Polygender","salary":85799,"team":"Finance"},{"id":260,"first_name":"Gilemette","last_name":"De Winton","email":"gdewinton77@toplist.cz","gender":"Female","salary":75150,"team":"Legal"},{"id":261,"first_name":"Dallas","last_name":"Jahnke","email":"djahnke78@google.com.hk","gender":"Male","salary":91344,"team":"Sales"},{"id":262,"first_name":"Aggi","last_name":"Potteridge","email":"apotteridge79@yandex.ru","gender":"Genderqueer","salary":86326,"team":"Product"},{"id":263,"first_name":"Chane","last_name":"Henrych","email":"chenrych7a@blogspot.com","gender":"Male","salary":98753,"team":"Human Resources"},{"id":264,"first_name":"Karla","last_name":"Newborn","email":"knewborn7b@wsj.com","gender":"Female","salary":113060,"team":"Sales"},{"id":265,"first_name":"Bearnard","last_name":"Mapowder","email":"bmapowder7c@networksolutions.com","gender":"Male","salary":77327,"team":"Finance"},{"id":266,"first_name":"Aloise","last_name":"Gritland","email":"agritland7d@taobao.com","gender":"Female","salary":62666,"team":"Product"},{"id":267,"first_name":"Druci","last_name":"Murdie","email":"dmurdie7e@google.com.hk","gender":"Female","salary":96633,"team":"Engineering"},{"id":268,"first_name":"Fernando","last_name":"Sexten","email":"fsexten7f@lycos.com","gender":"Male","salary":58248,"team":"Business Development"},{"id":269,"first_name":"Phil","last_name":"Ewbanks","email":"pewbanks7g@dyndns.org","gender":"Male","salary":83706,"team":"Human Resources"},{"id":270,"first_name":"Laughton","last_name":"Lowis","email":"llowis7h@cyberchimps.com","gender":"Male","salary":74086,"team":"Human Resources"},{"id":271,"first_name":"Edwin","last_name":"Bateup","email":"ebateup7i@cafepress.com","gender":"Male","salary":95389,"team":"Sales"},{"id":272,"first_name":"Pyotr","last_name":"Geraghty","email":"pgeraghty7j@mit.edu","gender":"Male","salary":129968,"team":"Finance"},{"id":273,"first_name":"Peggi","last_name":"Artin","email":"partin7k@kickstarter.com","gender":"Female","salary":140347,"team":"Sales"},{"id":274,"first_name":"Noell","last_name":"Bartoli","email":"nbartoli7l@nifty.com","gender":"Female","salary":74287,"team":"Sales"},{"id":275,"first_name":"Steffi","last_name":"Helis","email":"shelis7m@blogspot.com","gender":"Female","salary":106406,"team":"Legal"},{"id":276,"first_name":"Vonni","last_name":"Custed","email":"vcusted7n@tumblr.com","gender":"Female","salary":115913,"team":"Legal"},{"id":277,"first_name":"Emalee","last_name":"Symonds","email":"esymonds7o@csmonitor.com","gender":"Female","salary":38092,"team":"Distribution"},{"id":278,"first_name":"Thadeus","last_name":"John","email":"tjohn7p@fotki.com","gender":"Male","salary":121160,"team":"Engineering"},{"id":279,"first_name":"Horace","last_name":"Prujean","email":"hprujean7q@google.com.br","gender":"Male","salary":90429,"team":"Product"},{"id":280,"first_name":"Hallie","last_name":"Wisker","email":"hwisker7r@w3.org","gender":"Female","salary":64207,"team":"Client Services"},{"id":281,"first_name":"Sari","last_name":"Loftus","email":"sloftus7s@sohu.com","gender":"Female","salary":80688,"team":"Sales"},{"id":282,"first_name":"Sheffie","last_name":"Dickie","email":"sdickie7t@archive.org","gender":"Male","salary":55044,"team":"Sales"},{"id":283,"first_name":"Alyss","last_name":"Mollett","email":"amollett7u@jugem.jp","gender":"Female","salary":72893,"team":"Distribution"},{"id":284,"first_name":"Curry","last_name":"Camelli","email":"ccamelli7v@yale.edu","gender":"Male","salary":97364,"team":"Product"},{"id":285,"first_name":"Sunny","last_name":"Foffano","email":"sfoffano7w@simplemachines.org","gender":"Male","salary":147183,"team":"Business Development"},{"id":286,"first_name":"Merry","last_name":"Toulmin","email":"mtoulmin7x@ezinearticles.com","gender":"Male","salary":87721,"team":"Product"},{"id":287,"first_name":"Nolie","last_name":"de Verson","email":"ndeverson7y@tripod.com","gender":"Female","salary":144001,"team":"Business Development"},{"id":288,"first_name":"Caroline","last_name":"McGlew","email":"cmcglew7z@acquirethisname.com","gender":"Female","salary":91133,"team":"Sales"},{"id":289,"first_name":"Collen","last_name":"Croucher","email":"ccroucher80@cnet.com","gender":"Female","salary":67827,"team":"Engineering"},{"id":290,"first_name":"Rolland","last_name":"Collicott","email":"rcollicott81@jigsy.com","gender":"Male","salary":81839,"team":"Sales"},{"id":291,"first_name":"Upton","last_name":"Stanyon","email":"ustanyon82@cbslocal.com","gender":"Male","salary":112548,"team":"Engineering"},{"id":292,"first_name":"Randy","last_name":"Lyenyng","email":"rlyenyng83@globo.com","gender":"Male","salary":111249,"team":"Human Resources"},{"id":293,"first_name":"Dania","last_name":"Bachshell","email":"dbachshell84@hatena.ne.jp","gender":"Polygender","salary":114334,"team":"Product"},{"id":294,"first_name":"Zuzana","last_name":"Schult","email":"zschult85@altervista.org","gender":"Female","salary":64172,"team":"Engineering"},{"id":295,"first_name":"Merilee","last_name":"Gawkes","email":"mgawkes86@mapquest.com","gender":"Female","salary":50167,"team":"Product"},{"id":296,"first_name":"Granny","last_name":"Samweyes","email":"gsamweyes87@intel.com","gender":"Male","salary":106995,"team":"Product"},{"id":297,"first_name":"Laurene","last_name":"Sauniere","email":"lsauniere88@twitter.com","gender":"Bigender","salary":70492,"team":"Client Services"},{"id":298,"first_name":"Baily","last_name":"Hovell","email":"bhovell89@bandcamp.com","gender":"Male","salary":125881,"team":"Sales"},{"id":299,"first_name":"Leonidas","last_name":"Weddup","email":"lweddup8a@so-net.ne.jp","gender":"Male","salary":123294,"team":"Client Services"},{"id":300,"first_name":"Robinette","last_name":"Putterill","email":"rputterill8b@163.com","gender":"Female","salary":131045,"team":"Product"},{"id":301,"first_name":"Bernita","last_name":"Gilmour","email":"bgilmour8c@cnet.com","gender":"Polygender","salary":140502,"team":"Sales"},{"id":302,"first_name":"Lilly","last_name":"Eddins","email":"leddins8d@tumblr.com","gender":"Polygender","salary":106310,"team":"Client Services"},{"id":303,"first_name":"Myrle","last_name":"McKimmey","email":"mmckimmey8e@ed.gov","gender":"Female","salary":111163,"team":"Product"},{"id":304,"first_name":"Saba","last_name":"Rosoni","email":"srosoni8f@techcrunch.com","gender":"Female","salary":93753,"team":"Sales"},{"id":305,"first_name":"Hilary","last_name":"Comoletti","email":"hcomoletti8g@bizjournals.com","gender":"Female","salary":63494,"team":"Human Resources"},{"id":306,"first_name":"Drusie","last_name":"Jekyll","email":"djekyll8h@wired.com","gender":"Bigender","salary":116693,"team":"Distribution"},{"id":307,"first_name":"Ana","last_name":"Belchambers","email":"abelchambers8i@unc.edu","gender":"Female","salary":85215,"team":"Human Resources"},{"id":308,"first_name":"Jerrold","last_name":"Blaxley","email":"jblaxley8j@shutterfly.com","gender":"Male","salary":86439,"team":"Finance"},{"id":309,"first_name":"Selma","last_name":"McBain","email":"smcbain8k@amazon.de","gender":"Female","salary":38872,"team":"Business Development"},{"id":310,"first_name":"Joline","last_name":"Fancy","email":"jfancy8l@cnbc.com","gender":"Female","salary":113506,"team":"Marketing"},{"id":311,"first_name":"Petra","last_name":"Langlois","email":"planglois8m@shinystat.com","gender":"Non-binary","salary":91522,"team":"Finance"},{"id":312,"first_name":"Jamie","last_name":"Cantrell","email":"jcantrell8n@upenn.edu","gender":"Female","salary":42214,"team":"Business Development"},{"id":313,"first_name":"Leda","last_name":"Downie","email":"ldownie8o@hao123.com","gender":"Female","salary":144082,"team":"Client Services"},{"id":314,"first_name":"Tymothy","last_name":"Trusse","email":"ttrusse8p@latimes.com","gender":"Male","salary":47885,"team":"Human Resources"},{"id":315,"first_name":"Archie","last_name":"Dalliston","email":"adalliston8q@wp.com","gender":"Male","salary":126232,"team":"Sales"},{"id":316,"first_name":"Tynan","last_name":"Vell","email":"tvell8r@domainmarket.com","gender":"Male","salary":134598,"team":"Business Development"},{"id":317,"first_name":"Kipper","last_name":"Drinnan","email":"kdrinnan8s@webmd.com","gender":"Male","salary":66604,"team":"Legal"},{"id":318,"first_name":"Chickie","last_name":"Riddett","email":"criddett8t@youtube.com","gender":"Male","salary":115194,"team":"Marketing"},{"id":319,"first_name":"Casandra","last_name":"Sammonds","email":"csammonds8u@youtu.be","gender":"Female","salary":49101,"team":"Business Development"},{"id":320,"first_name":"Rosalia","last_name":"Auchterlonie","email":"rauchterlonie8v@google.com.au","gender":"Female","salary":36403,"team":"Finance"},{"id":321,"first_name":"Radcliffe","last_name":"McGeouch","email":"rmcgeouch8w@skype.com","gender":"Male","salary":140136,"team":"Business Development"},{"id":322,"first_name":"Erie","last_name":"de Marco","email":"edemarco8x@state.gov","gender":"Male","salary":121508,"team":"Finance"},{"id":323,"first_name":"Guillaume","last_name":"Brothers","email":"gbrothers8y@flavors.me","gender":"Male","salary":79906,"team":"Sales"},{"id":324,"first_name":"Pren","last_name":"Reynoldson","email":"preynoldson8z@e-recht24.de","gender":"Male","salary":123144,"team":"Product"},{"id":325,"first_name":"Lonnie","last_name":"Shawdforth","email":"lshawdforth90@technorati.com","gender":"Male","salary":46953,"team":"Client Services"},{"id":326,"first_name":"Mata","last_name":"Jewsbury","email":"mjewsbury91@prlog.org","gender":"Male","salary":51395,"team":"Finance"},{"id":327,"first_name":"Kandy","last_name":"Bickle","email":"kbickle92@amazon.de","gender":"Female","salary":134408,"team":"Human Resources"},{"id":328,"first_name":"Christabella","last_name":"Winear","email":"cwinear93@blogger.com","gender":"Female","salary":71853,"team":"Sales"},{"id":329,"first_name":"Nestor","last_name":"Pittendreigh","email":"npittendreigh94@sourceforge.net","gender":"Male","salary":68028,"team":"Finance"},{"id":330,"first_name":"Freeman","last_name":"Slany","email":"fslany95@hatena.ne.jp","gender":"Male","salary":149903,"team":"Human Resources"},{"id":331,"first_name":"Kaile","last_name":"Radeliffe","email":"kradeliffe96@msu.edu","gender":"Female","salary":79123,"team":"Distribution"},{"id":332,"first_name":"Wilden","last_name":"Loughead","email":"wloughead97@cnn.com","gender":"Male","salary":104014,"team":"Legal"},{"id":333,"first_name":"Viva","last_name":"Charopen","email":"vcharopen98@time.com","gender":"Female","salary":65362,"team":"Legal"},{"id":334,"first_name":"Libbie","last_name":"Longfoot","email":"llongfoot99@soup.io","gender":"Female","salary":144709,"team":"Distribution"},{"id":335,"first_name":"Donnie","last_name":"Strahan","email":"dstrahan9a@yelp.com","gender":"Female","salary":53061,"team":"Finance"},{"id":336,"first_name":"Silva","last_name":"Sooper","email":"ssooper9b@umn.edu","gender":"Female","salary":36697,"team":"Sales"},{"id":337,"first_name":"Adda","last_name":"Vurley","email":"avurley9c@ycombinator.com","gender":"Female","salary":101036,"team":"Human Resources"},{"id":338,"first_name":"Diannne","last_name":"Lamblin","email":"dlamblin9d@reuters.com","gender":"Female","salary":52119,"team":"Client Services"},{"id":339,"first_name":"Alys","last_name":"Docket","email":"adocket9e@google.pl","gender":"Female","salary":46666,"team":"Business Development"},{"id":340,"first_name":"Marcelo","last_name":"Draco","email":"mdraco9f@berkeley.edu","gender":"Male","salary":73437,"team":"Finance"},{"id":341,"first_name":"Flori","last_name":"Wildman","email":"fwildman9g@cmu.edu","gender":"Female","salary":86318,"team":"Sales"},{"id":342,"first_name":"Melany","last_name":"Bastide","email":"mbastide9h@about.me","gender":"Female","salary":67150,"team":"Marketing"},{"id":343,"first_name":"Wiatt","last_name":"Cattow","email":"wcattow9i@vimeo.com","gender":"Male","salary":142208,"team":"Engineering"},{"id":344,"first_name":"Brooks","last_name":"Nund","email":"bnund9j@quantcast.com","gender":"Female","salary":81183,"team":"Client Services"},{"id":345,"first_name":"Gretal","last_name":"Golagley","email":"ggolagley9k@sohu.com","gender":"Female","salary":107163,"team":"Human Resources"},{"id":346,"first_name":"Zeke","last_name":"Colgrave","email":"zcolgrave9l@diigo.com","gender":"Male","salary":55038,"team":"Legal"},{"id":347,"first_name":"Brittany","last_name":"Cumming","email":"bcumming9m@skyrock.com","gender":"Polygender","salary":146812,"team":"Marketing"},{"id":348,"first_name":"Emmerich","last_name":"Bachman","email":"ebachman9n@yahoo.com","gender":"Male","salary":40119,"team":"Human Resources"},{"id":349,"first_name":"Garrick","last_name":"Coucha","email":"gcoucha9o@cornell.edu","gender":"Male","salary":69579,"team":"Human Resources"},{"id":350,"first_name":"Reeva","last_name":"Croix","email":"rcroix9p@stumbleupon.com","gender":"Female","salary":121232,"team":"Legal"},{"id":351,"first_name":"Sydney","last_name":"Prosser","email":"sprosser9q@addthis.com","gender":"Female","salary":102626,"team":"Finance"},{"id":352,"first_name":"Pippa","last_name":"Simchenko","email":"psimchenko9r@independent.co.uk","gender":"Female","salary":88276,"team":"Legal"},{"id":353,"first_name":"Logan","last_name":"Tyzack","email":"ltyzack9s@tripod.com","gender":"Male","salary":43354,"team":"Marketing"},{"id":354,"first_name":"Cyndie","last_name":"Brantzen","email":"cbrantzen9t@last.fm","gender":"Genderfluid","salary":125556,"team":"Engineering"},{"id":355,"first_name":"Townie","last_name":"Godball","email":"tgodball9u@ihg.com","gender":"Male","salary":59862,"team":"Product"},{"id":356,"first_name":"Ermengarde","last_name":"Oddey","email":"eoddey9v@theguardian.com","gender":"Female","salary":74640,"team":"Marketing"},{"id":357,"first_name":"Faith","last_name":"Maxstead","email":"fmaxstead9w@slideshare.net","gender":"Female","salary":52875,"team":"Legal"},{"id":358,"first_name":"Con","last_name":"McReidy","email":"cmcreidy9x@cnbc.com","gender":"Male","salary":58789,"team":"Sales"},{"id":359,"first_name":"Valentin","last_name":"Logsdale","email":"vlogsdale9y@wufoo.com","gender":"Male","salary":122897,"team":"Engineering"},{"id":360,"first_name":"Zebulon","last_name":"McBean","email":"zmcbean9z@drupal.org","gender":"Male","salary":136032,"team":"Marketing"},{"id":361,"first_name":"Andrus","last_name":"Defew","email":"adefewa0@cpanel.net","gender":"Male","salary":141958,"team":"Legal"},{"id":362,"first_name":"Ad","last_name":"Townes","email":"atownesa1@example.com","gender":"Male","salary":139917,"team":"Distribution"},{"id":363,"first_name":"Munroe","last_name":"Lemmer","email":"mlemmera2@google.de","gender":"Genderqueer","salary":147635,"team":"Human Resources"},{"id":364,"first_name":"Lorens","last_name":"Siddaley","email":"lsiddaleya3@china.com.cn","gender":"Male","salary":68230,"team":"Client Services"},{"id":365,"first_name":"Anabelle","last_name":"Tummasutti","email":"atummasuttia4@reuters.com","gender":"Female","salary":124365,"team":"Business Development"},{"id":366,"first_name":"Regan","last_name":"Bending","email":"rbendinga5@pinterest.com","gender":"Non-binary","salary":104749,"team":"Engineering"},{"id":367,"first_name":"Fergus","last_name":"Sprackling","email":"fspracklinga6@wsj.com","gender":"Male","salary":122121,"team":"Engineering"},{"id":368,"first_name":"Bo","last_name":"Tonner","email":"btonnera7@prnewswire.com","gender":"Male","salary":143541,"team":"Human Resources"},{"id":369,"first_name":"Yurik","last_name":"Bendig","email":"ybendiga8@wunderground.com","gender":"Male","salary":137840,"team":"Business Development"},{"id":370,"first_name":"Annecorinne","last_name":"Ohms","email":"aohmsa9@sohu.com","gender":"Female","salary":73354,"team":"Business Development"},{"id":371,"first_name":"Yolanda","last_name":"Crouch","email":"ycrouchaa@cdc.gov","gender":"Female","salary":106249,"team":"Sales"},{"id":372,"first_name":"Vassili","last_name":"Lunck","email":"vlunckab@123-reg.co.uk","gender":"Male","salary":50645,"team":"Marketing"},{"id":373,"first_name":"Adela","last_name":"Spiteri","email":"aspiteriac@t.co","gender":"Female","salary":142415,"team":"Finance"},{"id":374,"first_name":"Michele","last_name":"Klemenz","email":"mklemenzad@meetup.com","gender":"Female","salary":37984,"team":"Distribution"},{"id":375,"first_name":"Rodina","last_name":"Pull","email":"rpullae@tripadvisor.com","gender":"Female","salary":71751,"team":"Business Development"},{"id":376,"first_name":"Jeni","last_name":"Alwood","email":"jalwoodaf@examiner.com","gender":"Female","salary":135882,"team":"Legal"},{"id":377,"first_name":"Justina","last_name":"Cappineer","email":"jcappineerag@deviantart.com","gender":"Female","salary":46007,"team":"Client Services"},{"id":378,"first_name":"Fitz","last_name":"Gleadhall","email":"fgleadhallah@mit.edu","gender":"Male","salary":117055,"team":"Marketing"},{"id":379,"first_name":"Jacquette","last_name":"Greenrde","email":"jgreenrdeai@goodreads.com","gender":"Female","salary":121357,"team":"Business Development"},{"id":380,"first_name":"Tomaso","last_name":"Featonby","email":"tfeatonbyaj@friendfeed.com","gender":"Male","salary":44857,"team":"Finance"},{"id":381,"first_name":"Tamra","last_name":"Michallat","email":"tmichallatak@nsw.gov.au","gender":"Female","salary":47322,"team":"Sales"},{"id":382,"first_name":"Lyndel","last_name":"Enrietto","email":"lenriettoal@dot.gov","gender":"Female","salary":81077,"team":"Sales"},{"id":383,"first_name":"Powell","last_name":"Crooks","email":"pcrooksam@elegantthemes.com","gender":"Male","salary":76394,"team":"Marketing"},{"id":384,"first_name":"Benito","last_name":"Kolakowski","email":"bkolakowskian@jigsy.com","gender":"Male","salary":114356,"team":"Client Services"},{"id":385,"first_name":"Vin","last_name":"Dowdney","email":"vdowdneyao@issuu.com","gender":"Female","salary":41831,"team":"Business Development"},{"id":386,"first_name":"Lindsey","last_name":"Ceschini","email":"lceschiniap@amazonaws.com","gender":"Female","salary":72613,"team":"Legal"},{"id":387,"first_name":"Stephanie","last_name":"Glison","email":"sglisonaq@hao123.com","gender":"Female","salary":42748,"team":"Distribution"},{"id":388,"first_name":"Fern","last_name":"Beamish","email":"fbeamishar@about.com","gender":"Female","salary":37259,"team":"Client Services"},{"id":389,"first_name":"Muffin","last_name":"Marriner","email":"mmarrineras@acquirethisname.com","gender":"Female","salary":125033,"team":"Marketing"},{"id":390,"first_name":"Forrester","last_name":"Howcroft","email":"fhowcroftat@bigcartel.com","gender":"Male","salary":106472,"team":"Client Services"},{"id":391,"first_name":"Emmanuel","last_name":"Bech","email":"ebechau@tripod.com","gender":"Male","salary":103684,"team":"Engineering"},{"id":392,"first_name":"Elbertine","last_name":"Kingsnorth","email":"ekingsnorthav@nytimes.com","gender":"Female","salary":96111,"team":"Human Resources"},{"id":393,"first_name":"Angil","last_name":"Anselm","email":"aanselmaw@arstechnica.com","gender":"Female","salary":90719,"team":"Business Development"},{"id":394,"first_name":"Lawton","last_name":"Stuckes","email":"lstuckesax@dagondesign.com","gender":"Male","salary":140303,"team":"Legal"},{"id":395,"first_name":"Priscella","last_name":"Reynoollds","email":"preynoolldsay@mapquest.com","gender":"Female","salary":62161,"team":"Business Development"},{"id":396,"first_name":"Rockwell","last_name":"Tourot","email":"rtourotaz@guardian.co.uk","gender":"Male","salary":97370,"team":"Sales"},{"id":397,"first_name":"Ailyn","last_name":"Younge","email":"ayoungeb0@sourceforge.net","gender":"Female","salary":66224,"team":"Legal"},{"id":398,"first_name":"Gerri","last_name":"La Batie","email":"glabatieb1@prnewswire.com","gender":"Female","salary":97915,"team":"Human Resources"},{"id":399,"first_name":"Eadie","last_name":"Fassman","email":"efassmanb2@va.gov","gender":"Genderfluid","salary":86883,"team":"Product"},{"id":400,"first_name":"Drucy","last_name":"Radclyffe","email":"dradclyffeb3@intel.com","gender":"Female","salary":37812,"team":"Human Resources"},{"id":401,"first_name":"Bailey","last_name":"MacLaren","email":"bmaclarenb4@google.com","gender":"Male","salary":58047,"team":"Distribution"},{"id":402,"first_name":"Terese","last_name":"Crichley","email":"tcrichleyb5@lycos.com","gender":"Female","salary":124889,"team":"Sales"},{"id":403,"first_name":"Vernen","last_name":"Mullard","email":"vmullardb6@ucoz.com","gender":"Male","salary":67780,"team":"Human Resources"},{"id":404,"first_name":"Abram","last_name":"Bilam","email":"abilamb7@utexas.edu","gender":"Genderqueer","salary":144677,"team":"Finance"},{"id":405,"first_name":"Jacques","last_name":"MacShirie","email":"jmacshirieb8@biglobe.ne.jp","gender":"Male","salary":82401,"team":"Client Services"},{"id":406,"first_name":"Andrea","last_name":"Magister","email":"amagisterb9@weather.com","gender":"Female","salary":35575,"team":"Distribution"},{"id":407,"first_name":"Barbabas","last_name":"Leavy","email":"bleavyba@auda.org.au","gender":"Male","salary":123649,"team":"Marketing"},{"id":408,"first_name":"Stepha","last_name":"Hillan","email":"shillanbb@ovh.net","gender":"Female","salary":38078,"team":"Product"},{"id":409,"first_name":"Charlton","last_name":"Degli Antoni","email":"cdegliantonibc@ocn.ne.jp","gender":"Male","salary":52620,"team":"Product"},{"id":410,"first_name":"Ursa","last_name":"Blackeby","email":"ublackebybd@google.pl","gender":"Female","salary":91462,"team":"Marketing"},{"id":411,"first_name":"Cosette","last_name":"Mussett","email":"cmussettbe@yale.edu","gender":"Female","salary":146589,"team":"Business Development"},{"id":412,"first_name":"Lemmy","last_name":"Lewing","email":"llewingbf@merriam-webster.com","gender":"Male","salary":51633,"team":"Business Development"},{"id":413,"first_name":"Mab","last_name":"Duiged","email":"mduigedbg@independent.co.uk","gender":"Female","salary":45181,"team":"Human Resources"},{"id":414,"first_name":"Jase","last_name":"Fitzhenry","email":"jfitzhenrybh@washington.edu","gender":"Male","salary":62454,"team":"Sales"},{"id":415,"first_name":"Sheff","last_name":"Di Roberto","email":"sdirobertobi@google.com.hk","gender":"Male","salary":147362,"team":"Engineering"},{"id":416,"first_name":"Shepherd","last_name":"Antowski","email":"santowskibj@prweb.com","gender":"Male","salary":80803,"team":"Distribution"},{"id":417,"first_name":"Ariella","last_name":"Stainbridge","email":"astainbridgebk@nps.gov","gender":"Female","salary":117293,"team":"Client Services"},{"id":418,"first_name":"Tiler","last_name":"Mishaw","email":"tmishawbl@github.com","gender":"Male","salary":105689,"team":"Marketing"},{"id":419,"first_name":"Dana","last_name":"Ishaki","email":"dishakibm@deliciousdays.com","gender":"Female","salary":102555,"team":"Product"},{"id":420,"first_name":"Audrie","last_name":"Erwin","email":"aerwinbn@nbcnews.com","gender":"Female","salary":51525,"team":"Finance"},{"id":421,"first_name":"Vincenz","last_name":"Sokill","email":"vsokillbo@jigsy.com","gender":"Male","salary":41190,"team":"Sales"},{"id":422,"first_name":"Sean","last_name":"Gallatly","email":"sgallatlybp@theatlantic.com","gender":"Male","salary":75484,"team":"Finance"},{"id":423,"first_name":"Gustav","last_name":"Kebell","email":"gkebellbq@bloglovin.com","gender":"Male","salary":82726,"team":"Marketing"},{"id":424,"first_name":"Geri","last_name":"Riddett","email":"griddettbr@businessinsider.com","gender":"Genderqueer","salary":122319,"team":"Engineering"},{"id":425,"first_name":"Murielle","last_name":"Jobb","email":"mjobbbs@chronoengine.com","gender":"Genderqueer","salary":127297,"team":"Product"},{"id":426,"first_name":"Darcee","last_name":"Shwalbe","email":"dshwalbebt@shutterfly.com","gender":"Female","salary":109290,"team":"Engineering"},{"id":427,"first_name":"Brandice","last_name":"Rahill","email":"brahillbu@amazon.co.jp","gender":"Female","salary":71930,"team":"Product"},{"id":428,"first_name":"Flss","last_name":"Gherardini","email":"fgherardinibv@pinterest.com","gender":"Female","salary":66819,"team":"Marketing"},{"id":429,"first_name":"Kizzee","last_name":"Greenless","email":"kgreenlessbw@bigcartel.com","gender":"Female","salary":42424,"team":"Distribution"},{"id":430,"first_name":"Gilligan","last_name":"Faye","email":"gfayebx@webmd.com","gender":"Female","salary":51431,"team":"Engineering"},{"id":431,"first_name":"Noble","last_name":"Sherston","email":"nsherstonby@acquirethisname.com","gender":"Male","salary":120675,"team":"Human Resources"},{"id":432,"first_name":"Frederich","last_name":"Smallshaw","email":"fsmallshawbz@nature.com","gender":"Male","salary":96610,"team":"Client Services"},{"id":433,"first_name":"Hagen","last_name":"Piesold","email":"hpiesoldc0@npr.org","gender":"Male","salary":71430,"team":"Engineering"},{"id":434,"first_name":"Mickie","last_name":"Linn","email":"mlinnc1@virginia.edu","gender":"Female","salary":86723,"team":"Engineering"},{"id":435,"first_name":"Sapphira","last_name":"Mineghelli","email":"smineghellic2@utexas.edu","gender":"Female","salary":43414,"team":"Client Services"},{"id":436,"first_name":"Charlena","last_name":"Wakes","email":"cwakesc3@storify.com","gender":"Female","salary":87145,"team":"Human Resources"},{"id":437,"first_name":"Pryce","last_name":"Auld","email":"pauldc4@amazon.de","gender":"Male","salary":91124,"team":"Distribution"},{"id":438,"first_name":"Gerry","last_name":"Janikowski","email":"gjanikowskic5@lycos.com","gender":"Male","salary":90829,"team":"Marketing"},{"id":439,"first_name":"Blair","last_name":"Cosh","email":"bcoshc6@vistaprint.com","gender":"Female","salary":101262,"team":"Client Services"},{"id":440,"first_name":"Morris","last_name":"Chasteau","email":"mchasteauc7@surveymonkey.com","gender":"Male","salary":41427,"team":"Product"},{"id":441,"first_name":"Mickie","last_name":"O' Hern","email":"mohernc8@edublogs.org","gender":"Female","salary":56993,"team":"Marketing"},{"id":442,"first_name":"Hermina","last_name":"Saywood","email":"hsaywoodc9@dmoz.org","gender":"Female","salary":114244,"team":"Human Resources"},{"id":443,"first_name":"Dotti","last_name":"Slimmon","email":"dslimmonca@chicagotribune.com","gender":"Agender","salary":66077,"team":"Product"},{"id":444,"first_name":"Lizzy","last_name":"Ganning","email":"lganningcb@yellowbook.com","gender":"Female","salary":35013,"team":"Product"},{"id":445,"first_name":"Wilhelm","last_name":"Poel","email":"wpoelcc@bloglovin.com","gender":"Male","salary":98393,"team":"Client Services"},{"id":446,"first_name":"Lamar","last_name":"Dossettor","email":"ldossettorcd@google.it","gender":"Male","salary":107111,"team":"Product"},{"id":447,"first_name":"Arlie","last_name":"Hendrichs","email":"ahendrichsce@blogger.com","gender":"Female","salary":65673,"team":"Legal"},{"id":448,"first_name":"Wolfgang","last_name":"Richemont","email":"wrichemontcf@apple.com","gender":"Male","salary":81919,"team":"Marketing"},{"id":449,"first_name":"Nickie","last_name":"Ostridge","email":"nostridgecg@icq.com","gender":"Male","salary":59277,"team":"Finance"},{"id":450,"first_name":"Joli","last_name":"Akred","email":"jakredch@t.co","gender":"Female","salary":49501,"team":"Business Development"},{"id":451,"first_name":"Laure","last_name":"Kemery","email":"lkemeryci@oracle.com","gender":"Female","salary":70367,"team":"Legal"},{"id":452,"first_name":"Arlina","last_name":"Earngy","email":"aearngycj@bloglines.com","gender":"Female","salary":132156,"team":"Marketing"},{"id":453,"first_name":"Robbert","last_name":"Dron","email":"rdronck@rambler.ru","gender":"Male","salary":56961,"team":"Marketing"},{"id":454,"first_name":"Chrissie","last_name":"Currer","email":"ccurrercl@soup.io","gender":"Female","salary":98841,"team":"Client Services"},{"id":455,"first_name":"Jessa","last_name":"Djurdjevic","email":"jdjurdjeviccm@msu.edu","gender":"Non-binary","salary":78226,"team":"Human Resources"},{"id":456,"first_name":"De","last_name":"Koomar","email":"dkoomarcn@uol.com.br","gender":"Agender","salary":116931,"team":"Human Resources"},{"id":457,"first_name":"Hermione","last_name":"Lebel","email":"hlebelco@japanpost.jp","gender":"Female","salary":87575,"team":"Business Development"},{"id":458,"first_name":"Daveen","last_name":"Bottomley","email":"dbottomleycp@tmall.com","gender":"Female","salary":110924,"team":"Distribution"},{"id":459,"first_name":"Sheppard","last_name":"Witchalls","email":"switchallscq@opera.com","gender":"Male","salary":78351,"team":"Sales"},{"id":460,"first_name":"Merlina","last_name":"Givens","email":"mgivenscr@jalbum.net","gender":"Female","salary":125574,"team":"Sales"},{"id":461,"first_name":"Viv","last_name":"Boothebie","email":"vboothebiecs@msn.com","gender":"Female","salary":95198,"team":"Business Development"},{"id":462,"first_name":"Eulalie","last_name":"Goede","email":"egoedect@themeforest.net","gender":"Female","salary":121006,"team":"Finance"},{"id":463,"first_name":"Sigismondo","last_name":"Benzing","email":"sbenzingcu@opensource.org","gender":"Male","salary":95728,"team":"Business Development"},{"id":464,"first_name":"Britt","last_name":"Langlois","email":"blangloiscv@seattletimes.com","gender":"Female","salary":69740,"team":"Distribution"},{"id":465,"first_name":"Ilise","last_name":"Houlison","email":"ihoulisoncw@sciencedirect.com","gender":"Non-binary","salary":91996,"team":"Product"},{"id":466,"first_name":"Marla","last_name":"Ekell","email":"mekellcx@typepad.com","gender":"Female","salary":141335,"team":"Engineering"},{"id":467,"first_name":"Delphinia","last_name":"Coram","email":"dcoramcy@icio.us","gender":"Female","salary":97691,"team":"Client Services"},{"id":468,"first_name":"Iver","last_name":"Brentnall","email":"ibrentnallcz@about.me","gender":"Male","salary":47266,"team":"Client Services"},{"id":469,"first_name":"Ceciley","last_name":"Khosa","email":"ckhosad0@hud.gov","gender":"Female","salary":103405,"team":"Sales"},{"id":470,"first_name":"Shandie","last_name":"Conkling","email":"sconklingd1@sohu.com","gender":"Female","salary":41453,"team":"Product"},{"id":471,"first_name":"Padgett","last_name":"Paget","email":"ppagetd2@furl.net","gender":"Polygender","salary":65168,"team":"Distribution"},{"id":472,"first_name":"Shurwood","last_name":"Minci","email":"smincid3@google.com.hk","gender":"Male","salary":73105,"team":"Engineering"},{"id":473,"first_name":"Chuck","last_name":"Rizzillo","email":"crizzillod4@opensource.org","gender":"Male","salary":37916,"team":"Distribution"},{"id":474,"first_name":"Gay","last_name":"Fannin","email":"gfannind5@sciencedirect.com","gender":"Female","salary":45682,"team":"Marketing"},{"id":475,"first_name":"Nadine","last_name":"Dikelin","email":"ndikelind6@yolasite.com","gender":"Bigender","salary":69297,"team":"Finance"},{"id":476,"first_name":"Nelle","last_name":"Machon","email":"nmachond7@walmart.com","gender":"Female","salary":59070,"team":"Engineering"},{"id":477,"first_name":"Asher","last_name":"Tash","email":"atashd8@myspace.com","gender":"Male","salary":81215,"team":"Finance"},{"id":478,"first_name":"Karlen","last_name":"Ennever","email":"kenneverd9@php.net","gender":"Female","salary":128036,"team":"Client Services"},{"id":479,"first_name":"Essa","last_name":"Gonsalo","email":"egonsaloda@amazon.com","gender":"Female","salary":89780,"team":"Sales"},{"id":480,"first_name":"Tallie","last_name":"Klemps","email":"tklempsdb@sphinn.com","gender":"Male","salary":125018,"team":"Legal"},{"id":481,"first_name":"Maximilian","last_name":"Dunge","email":"mdungedc@simplemachines.org","gender":"Male","salary":133033,"team":"Sales"},{"id":482,"first_name":"Collen","last_name":"Malmar","email":"cmalmardd@wikispaces.com","gender":"Female","salary":82408,"team":"Marketing"},{"id":483,"first_name":"Josiah","last_name":"Sellek","email":"jsellekde@cdbaby.com","gender":"Male","salary":128305,"team":"Marketing"},{"id":484,"first_name":"Foster","last_name":"Downie","email":"fdowniedf@altervista.org","gender":"Male","salary":74911,"team":"Marketing"},{"id":485,"first_name":"Abigail","last_name":"McIver","email":"amciverdg@storify.com","gender":"Genderfluid","salary":47079,"team":"Legal"},{"id":486,"first_name":"Alvinia","last_name":"Garton","email":"agartondh@cnn.com","gender":"Genderfluid","salary":134673,"team":"Engineering"},{"id":487,"first_name":"Kimball","last_name":"Folonin","email":"kfolonindi@loc.gov","gender":"Male","salary":123591,"team":"Engineering"},{"id":488,"first_name":"Christy","last_name":"Tibalt","email":"ctibaltdj@imageshack.us","gender":"Male","salary":92430,"team":"Engineering"},{"id":489,"first_name":"Clywd","last_name":"Brownill","email":"cbrownilldk@opensource.org","gender":"Male","salary":126956,"team":"Human Resources"},{"id":490,"first_name":"Becky","last_name":"Vinton","email":"bvintondl@usa.gov","gender":"Female","salary":112467,"team":"Business Development"},{"id":491,"first_name":"Wynn","last_name":"Pury","email":"wpurydm@bing.com","gender":"Male","salary":42553,"team":"Distribution"},{"id":492,"first_name":"Alexis","last_name":"Cocklin","email":"acocklindn@narod.ru","gender":"Male","salary":102081,"team":"Sales"},{"id":493,"first_name":"Kathrine","last_name":"Giovani","email":"kgiovanido@pbs.org","gender":"Female","salary":71975,"team":"Human Resources"},{"id":494,"first_name":"Timoteo","last_name":"de Merida","email":"tdemeridadp@virginia.edu","gender":"Male","salary":149908,"team":"Finance"},{"id":495,"first_name":"Shelby","last_name":"Kingsnoad","email":"skingsnoaddq@wikia.com","gender":"Female","salary":79145,"team":"Finance"},{"id":496,"first_name":"Hadleigh","last_name":"Gonnel","email":"hgonneldr@microsoft.com","gender":"Male","salary":128031,"team":"Business Development"},{"id":497,"first_name":"Mame","last_name":"Kalvin","email":"mkalvinds@blogspot.com","gender":"Female","salary":59969,"team":"Finance"},{"id":498,"first_name":"Joy","last_name":"Shrawley","email":"jshrawleydt@sohu.com","gender":"Female","salary":35381,"team":"Finance"},{"id":499,"first_name":"Cecily","last_name":"Praton","email":"cpratondu@ow.ly","gender":"Female","salary":113129,"team":"Client Services"},{"id":500,"first_name":"Clarisse","last_name":"Claasen","email":"cclaasendv@aol.com","gender":"Female","salary":141932,"team":"Engineering"}]