[{"id":751,"first_name":"Joscelin","last_name":"Littledike","email":"jlittledikeku@weibo.com","gender":"Female","salary":146907,"team":"Engineering"},{"id":752,"first_name":"Adriano","last_name":"Rosellini","email":"arosellinikv@gravatar.com","gender":"Male","salary":43455,"team":"Engineering"},{"id":753,"first_name":"Nisse","last_name":"Blower","email":"nblowerkw@nyu.edu","gender":"Female","salary":82871,"team":"Marketing"},{"id":754,"first_name":"Libby","last_name":"Hoyt","email":"lhoytkx@noaa.gov","gender":"Agender","salary":136709,"team":"Finance"},{"id":755,"first_name":"Irene","last_name":"Toopin","email":"itoopinky@typepad.com","gender":"Female","salary":47638,"team":"Human Resources"},{"id":756,"first_name":"Jillane","last_name":"Chable","email":"jchablekz@people.com.cn","gender":"Female","salary":100765,"team":"Client Services"},{"id":757,"first_name":"Dinah","last_name":"Annear","email":"dannearl0@amazon.com","gender":"Female","salary":134505,"team":"Marketing"},{"id":758,"first_name":"Van","last_name":"Valenti","email":"vvalentil1@aboutads.info","gender":"Male","salary":112769,"team":"Finance"},{"id":759,"first_name":"Palmer","last_name":"Sowrah","email":"psowrahl2@hexun.com","gender":"Male","salary":56450,"team":"Engineering"},{"id":760,"first_name":"Imojean","last_name":"Vivash","email":"ivivashl3@scribd.com","gender":"Female","salary":98874,"team":"Marketing"},{"id":761,"first_name":"Alfi","last_name":"Ryce","email":"arycel4@tripod.com","gender":"Female","salary":42392,"team":"Finance"},{"id":762,"first_name":"Megen","last_name":"Coulton","email":"mcoultonl5@tripadvisor.com","gender":"Female","salary":96914,"team":"Product"},{"id":763,"first_name":"Charis","last_name":"Relf","email":"crelfl6@newsvine.com","gender":"Female","salary":60500,"team":"Business Development"},{"id":764,"first_name":"Meade","last_name":"Bowbrick","email":"mbowbrickl7@domainmarket.com","gender":"Female","salary":129949,"team":"Sales"},{"id":765,"first_name":"Dita","last_name":"Elphey","email":"delpheyl8@google.com.au","gender":"Female","salary":71975,"team":"Human Resources"},{"id":766,"first_name":"Pandora","last_name":"Cockle","email":"pcocklel9@bravesites.com","gender":"Female","salary":149908,"team":"Finance"},{"id":767,"first_name":"Vanya","last_name":"Williscroft","email":"vwilliscroftla@slideshare.net","gender":"Male","salary":79145,"team":"Finance"},{"id":768,"first_name":"Nancey","last_name":"Langton","email":"nlangtonlb@nhs.uk","gender":"Female","salary":128031,"team":"Business Development"},{"id":769,"first_name":"Aloysius","last_name":"Dyster","email":"adysterlc@chronoengine.com","gender":"Male","salary":59969,"team":"Finance"},{"id":770,"first_name":"Bennie","last_name":"Woodes","email":"bwoodesld@sphinn.com","gender":"Female","salary":35381,"team":"Finance"},{"id":771,"first_name":"Chauncey","last_name":"Tootin","email":"ctootinle@sciencedaily.com","gender":"Male","salary":113129,"team":"Client Services"},{"id":772,"first_name":"Neile","last_name":"Heeney","email":"nheeneylf@arstechnica.com","gender":"Female","salary":141932,"team":"Engineering"},{"id":773,"first_name":"Hamilton","last_name":"Munday","email":"hmundaylg@ca.gov","gender":"Male","salary":42296,"team":"Product"},{"id":774,"first_name":"Hewet","last_name":"McAline","email":"hmcalinelh@chronoengine.com","gender":"Male","salary":63395,"team":"Legal"},{"id":775,"first_name":"Claire","last_name":"Franceschi","email":"cfranceschili@etsy.com","gender":"Female","salary":125382,"team":"Client Services"},{"id":776,"first_name":"Trude","last_name":"Gillham","email":"tgillhamlj@dmoz.org","gender":"Female","salary":113592,"team":"Marketing"},{"id":777,"first_name":"Helene","last_name":"Gioani","email":"hgioanilk@surveymonkey.com","gender":"Female","salary":46750,"team":"Sales"},{"id":778,"first_name":"Rena","last_name":"Waters","email":"rwatersll@mozilla.com","gender":"Female","salary":90285,"team":"Client Services"},{"id":779,"first_name":"Aurelie","last_name":"Justis","email":"ajustislm@auda.org.au","gender":"Female","salary":123876,"team":"Engineering"},{"id":780,"first_name":"Osbourn","last_name":"Hawker","email":"ohawkerln@weebly.com","gender":"Male","salary":41643,"team":"Distribution"},{"id":781,"first_name":"Kingston","last_name":"Goodale","email":"kgoodalelo@mac.com","gender":"Male","salary":113760,"team":"Distribution"},{"id":782,"first_name":"Darin","last_name":"McAndrew","email":"dmcandrewlp@printfriendly.com","gender":"Male","salary":49473,"team":"Legal"},{"id":783,"first_name":"Gerianna","last_name":"Meak","email":"gmeaklq@marriott.com","gender":"Female","salary":146141,"team":"Distribution"},{"id":784,"first_name":"Audy","last_name":"Beccera","email":"abecceralr@dion.ne.jp","gender":"Female","salary":67789,"team":"Legal"},{"id":785,"first_name":"Evin","last_name":"Realy","email":"erealyls@ox.ac.uk","gender":"Male","salary":135758,"team":"Client Services"},{"id":786,"first_name":"Milly","last_name":"Rosario","email":"mrosariolt@reference.com","gender":"Female","salary":84672,"team":"Distribution"},{"id":787,"first_name":"Pieter","last_name":"McGarry","email":"pmcgarrylu@sbwire.com","gender":"Male","salary":111580,"team":"Human Resources"},{"id":788,"first_name":"Jenna","last_name":"Mattholie","email":"jmattholielv@comcast.net","gender":"Female","salary":50455,"team":"Business Development"},{"id":789,"first_name":"Sauncho","last_name":"Somersett","email":"ssomersettlw@ustream.tv","gender":"Male","salary":130577,"team":"Marketing"},{"id":790,"first_name":"Dodie","last_name":"Adin","email":"dadinlx@amazon.de","gender":"Female","salary":138925,"team":"Marketing"},{"id":791,"first_name":"Hadley","last_name":"Ghent","email":"hghently@icq.com","gender":"Male","salary":62371,"team":"Client Services"},{"id":792,"first_name":"Rafaelia","last_name":"Bowker","email":"rbowkerlz@netlog.com","gender":"Female","salary":87715,"team":"Product"},{"id":793,"first_name":"Minda","last_name":"Leggin","email":"mlegginm0@scribd.com","gender":"Female","salary":66029,"team":"Client Services"},{"id":794,"first_name":"Pennie","last_name":"Breckin","email":"pbreckinm1@last.fm","gender":"Male","salary":86818,"team":"Engineering"},{"id":795,"first_name":"Devan","last_name":"Debrick","email":"ddebrickm2@aol.com","gender":"Female","salary":75147,"team":"Product"},{"id":796,"first_name":"Baldwin","last_name":"Cohani","email":"bcohanim3@examiner.com","gender":"Agender","salary":105573,"team":"Product"},{"id":797,"first_name":"Eugenia","last_name":"Swaine","email":"eswainem4@wix.com","gender":"Genderfluid","salary":93901,"team":"Legal"},{"id":798,"first_name":"Kessiah","last_name":"Woodruffe","email":"kwoodruffem5@ebay.co.uk","gender":"Female","salary":134988,"team":"Sales"},{"id":799,"first_name":"Hedwiga","last_name":"Roubay","email":"hroubaym6@biblegateway.com","gender":"Female","salary":120941,"team":"Finance"},{"id":800,"first_name":"Addison","last_name":"Streeton","email":"astreetonm7@paypal.com","gender":"Male","salary":118753,"team":"Sales"},{"id":801,"first_name":"Burty","last_name":"Seakin","email":"bseakinm8@answers.com","gender":"Male","salary":92799,"team":"Sales"},{"id":802,"first_name":"Gilligan","last_name":"Crighten","email":"gcrightenm9@digg.com","gender":"Agender","salary":85718,"team":"Client Services"},{"id":803,"first_name":"Moe","last_name":"Chessel","email":"mchesselma@moonfruit.com","gender":"Male","salary":109517,"team":"Human Resources"},{"id":804,"first_name":"Felizio","last_name":"Dalloway","email":"fdallowaymb@ycombinator.com","gender":"Male","salary":85550,"team":"Marketing"},{"id":805,"first_name":"Alexina","last_name":"MacGragh","email":"amacgraghmc@flavors.me","gender":"Female","salary":78891,"team":"Distribution"},{"id":806,"first_name":"Adriaens","last_name":"Kentish","email":"akentishmd@sogou.com","gender":"Female","salary":84693,"team":"Finance"},{"id":807,"first_name":"Wolfy","last_name":"Bettles","email":"wbettlesme@ftc.gov","gender":"Male","salary":65251,"team":"Distribution"},{"id":808,"first_name":"Ulric","last_name":"McKinstry","email":"umckinstrymf@dion.ne.jp","gender":"Male","salary":129148,"team":"Engineering"},{"id":809,"first_name":"Rosana","last_name":"Bassano","email":"rbassanomg@tinypic.com","gender":"Female","salary":75825,"team":"Engineering"},{"id":810,"first_name":"Pepito","last_name":"Instock","email":"pinstockmh@ucoz.com","gender":"Male","salary":51821,"team":"Legal"},{"id":811,"first_name":"Homerus","last_name":"Poulsum","email":"hpoulsummi@webeden.co.uk","gender":"Male","salary":58327,"team":"Finance"},{"id":812,"first_name":"Ellsworth","last_name":"Ellse","email":"eellsemj@alibaba.com","gender":"Male","salary":46478,"team":"Engineering"},{"id":813,"first_name":"Ker","last_name":"Wand","email":"kwandmk@answers.com","gender":"Male","salary":79796,"team":"Distribution"},{"id":814,"first_name":"Abrahan","last_name":"Fitzroy","email":"afitzroyml@meetup.com","gender":"Male","salary":83809,"team":"Distribution"},{"id":815,"first_name":"Florella","last_name":"Coltan","email":"fcoltanmm@nps.gov","gender":"Genderfluid","salary":77933,"team":"Engineering"},{"id":816,"first_name":"Shoshana","last_name":"Pordall","email":"spordallmn@people.com.cn","gender":"Genderfluid","salary":51070,"team":"Business Development"},{"id":817,"first_name":"Nicolais","last_name":"Bogue","email":"nboguemo@vinaora.com","gender":"Genderfluid","salary":58357,"team":"Engineering"},{"id":818,"first_name":"Worthy","last_name":"Stapele","email":"wstapelemp@yellowbook.com","gender":"Male","salary":67165,"team":"Engineering"},{"id":819,"first_name":"Christophe","last_name":"Ebbetts","email":"cebbettsmq@livejournal.com","gender":"Male","salary":145988,"team":"Human Resources"},{"id":820,"first_name":"Nicko","last_name":"Snugg","email":"nsnuggmr@businesswire.com","gender":"Male","salary":147417,"team":"Business Development"},{"id":821,"first_name":"Antonie","last_name":"Kruschev","email":"akruschevms@salon.com","gender":"Female","salary":95003,"team":"Marketing"},{"id":822,"first_name":"Emmi","last_name":"Holston","email":"eholstonmt@feedburner.com","gender":"Female","salary":37888,"team":"Engineering"},{"id":823,"first_name":"Merry","last_name":"Aspling","email":"masplingmu@ebay.co.uk","gender":"Male","salary":131513,"team":"Finance"},{"id":824,"first_name":"Marie-jeanne","last_name":"Taberner","email":"mtabernermv@nymag.com","gender":"Female","salary":46875,"team":"Sales"},{"id":825,"first_name":"Blair","last_name":"Riddock","email":"briddockmw@example.com","gender":"Genderfluid","salary":82744,"team":"Client Services"},{"id":826,"first_name":"Zebadiah","last_name":"Diggell","email":"zdiggellmx@prweb.com","gender":"Male","salary":43252,"team":"Client Services"},{"id":827,"first_name":"Anastasie","last_name":"Boot","email":"abootmy@google.es","gender":"Female","salary":66047,"team":"Marketing"},{"id":828,"first_name":"Darryl","last_name":"Perrins","email":"dperrinsmz@devhub.com","gender":"Agender","salary":118431,"team":"Finance"},{"id":829,"first_name":"Nikki","last_name":"Taffs","email":"ntaffsn0@sciencedaily.com","gender":"Male","salary":59943,"team":"Finance"},{"id":830,"first_name":"Brannon","last_name":"Winslett","email":"bwinslettn1@gmpg.org","gender":"Male","salary":82884,"team":"Business Development"},{"id":831,"first_name":"Joline","last_name":"Edes","email":"jedesn2@cbc.ca","gender":"Female","salary":48668,"team":"Product"},{"id":832,"first_name":"Lanna","last_name":"Patullo","email":"lpatullon3@redcross.org","gender":"Female","salary":122971,"team":"Product"},{"id":833,"first_name":"Eugenie","last_name":"Haps","email":"ehapsn4@usatoday.com","gender":"Female","salary":107050,"team":"Business Development"},{"id":834,"first_name":"Gianni","last_name":"Bounde","email":"gbounden5@craigslist.org","gender":"Genderfluid","salary":138598,"team":"Sales"},{"id":835,"first_name":"Roderich","last_name":"Rumbellow","email":"rrumbellown6@admin.ch","gender":"Male","salary":128540,"team":"Legal"},{"id":836,"first_name":"Austin","last_name":"Ivankovic","email":"aivankovicn7@friendfeed.com","gender":"Male","salary":61117,"team":"Client Services"},{"id":837,"first_name":"Mildrid","last_name":"Bedells","email":"mbedellsn8@google.ca","gender":"Female","salary":100949,"team":"Human Resources"},{"id":838,"first_name":"Gawen","last_name":"Haller","email":"ghallern9@usda.gov","gender":"Male","salary":69111,"team":"Business Development"},{"id":839,"first_name":"Simon","last_name":"Shyre","email":"sshyrena@trellian.com","gender":"Genderfluid","salary":46602,"team":"Business Development"},{"id":840,"first_name":"Sophi","last_name":"Stansell","email":"sstansellnb@discuz.net","gender":"Female","salary":61181,"team":"Business Development"},{"id":841,"first_name":"Job","last_name":"Cookson","email":"jcooksonnc@seattletimes.com","gender":"Male","salary":94963,"team":"Business Development"},{"id":842,"first_name":"Raynor","last_name":"Aldcorn","email":"raldcornnd@tiny.cc","gender":"Male","salary":102841,"team":"Client Services"},{"id":843,"first_name":"Sammie","last_name":"Leadley","email":"sleadleyne@wix.com","gender":"Male","salary":49665,"team":"Business Development"},{"id":844,"first_name":"Kelly","last_name":"Cutchie","email":"kcutchienf@constantcontact.com","gender":"Female","salary":128042,"team":"Legal"},{"id":845,"first_name":"Phineas","last_name":"Stammers","email":"pstammersng@howstuffworks.com","gender":"Male","salary":86150,"team":"Client Services"},{"id":846,"first_name":"Morena","last_name":"Donet","email":"mdonetnh@freewebs.com","gender":"Female","salary":121816,"team":"Distribution"},{"id":847,"first_name":"Waldemar","last_name":"McKmurrie","email":"wmckmurrieni@cocolog-nifty.com","gender":"Male","salary":123409,"team":"Product"},{"id":848,"first_name":"Shawn","last_name":"Morefield","email":"smorefieldnj@discuz.net","gender":"Polygender","salary":59678,"team":"Distribution"},{"id":849,"first_name":"Filmore","last_name":"Moreside","email":"fmoresidenk@stumbleupon.com","gender":"Male","salary":57871,"team":"Human Resources"},{"id":850,"first_name":"Paule","last_name":"Landis","email":"plandisnl@ted.com","gender":"Female","salary":132084,"team":"Engineering"},{"id":851,"first_name":"Miriam","last_name":"Mulqueen","email":"mmulqueennm@t-online.de","gender":"Female","salary":35633,"team":"Distribution"},{"id":852,"first_name":"Teriann","last_name":"Corthes","email":"tcorthesnn@tripadvisor.com","gender":"Female","salary":125298,"team":"Legal"},{"id":853,"first_name":"Stern","last_name":"Dalling","email":"sdallingno@trellian.com","gender":"Male","salary":115582,"team":"Sales"},{"id":854,"first_name":"Marleah","last_name":"Mallabone","email":"mmallabonenp@yelp.com","gender":"Female","salary":112975,"team":"Human Resources"},{"id":855,"first_name":"Mile","last_name":"Kayes","email":"mkayesnq@over-blog.com","gender":"Male","salary":36927,"team":"Client Services"},{"id":856,"first_name":"Maure","last_name":"Castells","email":"mcastellsnr@instagram.com","gender":"Female","salary":70248,"team":"Sales"},{"id":857,"first_name":"Nance","last_name":"Sheard","email":"nsheardns@umn.edu","gender":"Female","salary":72002,"team":"Product"},{"id":858,"first_name":"Baird","last_name":"Benasik","email":"bbenasiknt@discuz.net","gender":"Male","salary":102577,"team":"Product"},{"id":859,"first_name":"Jaymee","last_name":"Speer","email":"jspeernu@vistaprint.com","gender":"Female","salary":113554,"team":"Business Development"},{"id":860,"first_name":"Carrol","last_name":"Upchurch","email":"cupchurchnv@twitpic.com","gender":"Male","salary":75181,"team":"Finance"},{"id":861,"first_name":"Evyn","last_name":"Alliberton","email":"eallibertonnw@cornell.edu","gender":"Male","salary":79047,"team":"Human Resources"},{"id":862,"first_name":"Francine","last_name":"Cantillion","email":"fcantillionnx@amazon.com","gender":"Female","salary":52970,"team":"Sales"},{"id":863,"first_name":"Elsey","last_name":"Rubinsky","email":"erubinskyny@walmart.com","gender":"Female","salary":137979,"team":"Distribution"},{"id":864,"first_name":"Skylar","last_name":"Hunsworth","email":"shunsworthnz@wordpress.org","gender":"Male","salary":114360,"team":"Business Development"},{"id":865,"first_name":"Forbes","last_name":"Insoll","email":"finsollo0@pagesperso-orange.fr","gender":"Male","salary":110306,"team":"Human Resources"},{"id":866,"first_name":"Petey","last_name":"Manifould","email":"pmanifouldo1@freewebs.com","gender":"Non-binary","salary":96649,"team":"Sales"},{"id":867,"first_name":"Una","last_name":"Twitty","email":"utwittyo2@cloudflare.com","gender":"Female","salary":111468,"team":"Product"},{"id":868,"first_name":"Calley","last_name":"Sante","email":"csanteo3@virginia.edu","gender":"Female","salary":141498,"team":"Sales"},{"id":869,"first_name":"Gaspard","last_name":"Mains","email":"gmainso4@blogs.com","gender":"Male","salary":40121,"team":"Product"},{"id":870,"first_name":"Alethea","last_name":"MacClure","email":"amacclureo5@cornell.edu","gender":"Female","salary":129712,"team":"Finance"},{"id":871,"first_name":"Antonella","last_name":"Malin","email":"amalino6@utexas.edu","gender":"Female","salary":126010,"team":"Legal"},{"id":872,"first_name":"Demetris","last_name":"Trahmel","email":"dtrahmelo7@desdev.cn","gender":"Female","salary":149105,"team":"Distribution"},{"id":873,"first_name":"Guy","last_name":"Denver","email":"gdenvero8@craigslist.org","gender":"Bigender","salary":59970,"team":"Client Services"},{"id":874,"first_name":"Mathew","last_name":"Roscrigg","email":"mroscriggo9@nhs.uk","gender":"Male","salary":145001,"team":"Engineering"},{"id":875,"first_name":"Angy","last_name":"Paver","email":"apaveroa@networkadvertising.org","gender":"Female","salary":102589,"team":"Marketing"},{"id":876,"first_name":"Dionisio","last_name":"Streetfield","email":"dstreetfieldob@diigo.com","gender":"Male","salary":47529,"team":"Product"},{"id":877,"first_name":"Tammie","last_name":"Woolmore","email":"twoolmoreoc@cornell.edu","gender":"Male","salary":148941,"team":"Product"},{"id":878,"first_name":"Starr","last_name":"Monshall","email":"smonshallod@discuz.net","gender":"Female","salary":91109,"team":"Human Resources"},{"id":879,"first_name":"Todd","last_name":"Chalker","email":"tchalkeroe@ted.com","gender":"Male","salary":51923,"team":"Business Development"},{"id":880,"first_name":"Delmer","last_name":"Hassall","email":"dhassallof@4shared.com","gender":"Male","salary":53954,"team":"Product"},{"id":881,"first_name":"Gael","last_name":"Gillham","email":"ggillhamog@globo.com","gender":"Female","salary":39335,"team":"Distribution"},{"id":882,"first_name":"Lilian","last_name":"Awmack","email":"lawmackoh@qq.com","gender":"Female","salary":111371,"team":"Engineering"},{"id":883,"first_name":"Cornelia","last_name":"Hoyer","email":"choyeroi@phpbb.com","gender":"Female","salary":86676,"team":"Sales"},{"id":884,"first_name":"Tresa","last_name":"Lodeke","email":"tlodekeoj@etsy.com","gender":"Female","salary":115057,"team":"Finance"},{"id":885,"first_name":"Wallis","last_name":"Sprasen","email":"wsprasenok@diigo.com","gender":"Female","salary":145357,"team":"Engineering"},{"id":886,"first_name":"Taber","last_name":"Margetson","email":"tmargetsonol@vkontakte.ru","gender":"Male","salary":36749,"team":"Finance"},{"id":887,"first_name":"Lorant","last_name":"Goodridge","email":"lgoodridgeom@alibaba.com","gender":"Male","salary":89854,"team":"Business Development"},{"id":888,"first_name":"Valle","last_name":"Norcutt","email":"vnorcutton@photobucket.com","gender":"Male","salary":134048,"team":"Marketing"},{"id":889,"first_name":"Osborne","last_name":"Gallihaulk","email":"ogallihaulkoo@edublogs.org","gender":"Male","salary":123621,"team":"Marketing"},{"id":890,"first_name":"Jolynn","last_name":"Gricks","email":"jgricksop@sfgate.com","gender":"Female","salary":54941,"team":"Distribution"},{"id":891,"first_name":"Jed","last_name":"Gorton","email":"jgortonoq@360.cn","gender":"Male","salary":39371,"team":"Engineering"},{"id":892,"first_name":"Gertrudis","last_name":"Goulborn","email":"ggoulbornor@dyndns.org","gender":"Female","salary":83112,"team":"Marketing"},{"id":893,"first_name":"Garth","last_name":"Mooney","email":"gmooneyos@marketwatch.com","gender":"Male","salary":96941,"team":"Distribution"},{"id":894,"first_name":"Esmaria","last_name":"Pinilla","email":"epinillaot@dell.com","gender":"Female","salary":47232,"team":"Legal"},{"id":895,"first_name":"Ichabod","last_name":"Arangy","email":"iarangyou@abc.net.au","gender":"Male","salary":54058,"team":"Human Resources"},{"id":896,"first_name":"Leese","last_name":"Tonge","email":"ltongeov@boston.com","gender":"Female","salary":118043,"team":"Business Development"},{"id":897,"first_name":"Brit","last_name":"Screaton","email":"bscreatonow@china.com.cn","gender":"Female","salary":97566,"team":"Marketing"},{"id":898,"first_name":"Ruddy","last_name":"Epdell","email":"repdellox@ft.com","gender":"Male","salary":149684,"team":"Product"},{"id":899,"first_name":"Aliza","last_name":"Zanicchi","email":"azanicchioy@yelp.com","gender":"Female","salary":71383,"team":"Human Resources"},{"id":900,"first_name":"Hillary","last_name":"Highnam","email":"hhighnamoz@parallels.com","gender":"Female","salary":81206,"team":"Distribution"},{"id":901,"first_name":"Ethelred","last_name":"Hatfield","email":"ehatfieldp0@last.fm","gender":"Male","salary":69112,"team":"Finance"},{"id":902,"first_name":"Sampson","last_name":"Rosie","email":"srosiep1@redcross.org","gender":"Male","salary":120672,"team":"Legal"},{"id":903,"first_name":"Garnette","last_name":"Feria","email":"gferiap2@youtu.be","gender":"Female","salary":96511,"team":"Human Resources"},{"id":904,"first_name":"Dexter","last_name":"Windley","email":"dwindleyp3@samsung.com","gender":"Male","salary":132175,"team":"Engineering"},{"id":905,"first_name":"Way","last_name":"Danilov","email":"wdanilovp4@myspace.com","gender":"Male","salary":118037,"team":"Finance"},{"id":906,"first_name":"Juline","last_name":"Laurence","email":"jlaurencep5@fda.gov","gender":"Female","salary":139570,"team":"Finance"},{"id":907,"first_name":"Faulkner","last_name":"Surgeon","email":"fsurgeonp6@utexas.edu","gender":"Male","salary":115280,"team":"Distribution"},{"id":908,"first_name":"Ferdy","last_name":"Cordner","email":"fcordnerp7@princeton.edu","gender":"Male","salary":51065,"team":"Human Resources"},{"id":909,"first_name":"Lorene","last_name":"Betjeman","email":"lbetjemanp8@example.com","gender":"Polygender","salary":103854,"team":"Distribution"},{"id":910,"first_name":"Rudyard","last_name":"Krier","email":"rkrierp9@elegantthemes.com","gender":"Male","salary":48354,"team":"Business Development"},{"id":911,"first_name":"Denver","last_name":"De Coursey","email":"ddecourseypa@indiegogo.com","gender":"Male","salary":132327,"team":"Product"},{"id":912,"first_name":"Lorry","last_name":"Whiley","email":"lwhileypb@tripadvisor.com","gender":"Male","salary":106362,"team":"Sales"},{"id":913,"first_name":"Vincenty","last_name":"Browell","email":"vbrowellpc@skype.com","gender":"Male","salary":131131,"team":"Client Services"},{"id":914,"first_name":"Alyce","last_name":"Van T'Hoog","email":"avanthoogpd@freewebs.com","gender":"Female","salary":129663,"team":"Human Resources"},{"id":915,"first_name":"Rossy","last_name":"Lung","email":"rlungpe@ebay.com","gender":"Male","salary":93368,"team":"Product"},{"id":916,"first_name":"Alric","last_name":"Fullerd","email":"afullerdpf@zdnet.com","gender":"Male","salary":53335,"team":"Product"},{"id":917,"first_name":"Kakalina","last_name":"Plak","email":"kplakpg@msu.edu","gender":"Female","salary":105066,"team":"Business Development"},{"id":918,"first_name":"Pancho","last_name":"Stronghill","email":"pstronghillph@cisco.com","gender":"Male","salary":63046,"team":"Finance"},{"id":919,"first_name":"Shayne","last_name":"Burgyn","email":"sburgynpi@tumblr.com","gender":"Female","salary":98406,"team":"Product"},{"id":920,"first_name":"Ruthi","last_name":"Budnik","email":"rbudnikpj@cargocollective.com","gender":"Female","salary":108581,"team":"Human Resources"},{"id":921,"first_name":"Richmond","last_name":"Bolland","email":"rbollandpk@slashdot.org","gender":"Male","salary":41808,"team":"Business Development"},{"id":922,"first_name":"Diane","last_name":"Pardon","email":"dpardonpl@live.com","gender":"Agender","salary":36837,"team":"Marketing"},{"id":923,"first_name":"Gaile","last_name":"Scotter","email":"gscotterpm@ucoz.ru","gender":"Male","salary":140850,"team":"Finance"},{"id":924,"first_name":"Deborah","last_name":"Ismay","email":"dismaypn@youtube.com","gender":"Female","salary":50426,"team":"Sales"},{"id":925,"first_name":"Ruthy","last_name":"Larchiere","email":"rlarchierepo@economist.com","gender":"Female","salary":134120,"team":"Human Resources"},{"id":926,"first_name":"Howie","last_name":"Curnokk","email":"hcurnokkpp@sun.com","gender":"Male","salary":80633,"team":"Legal"},{"id":927,"first_name":"Eleonora","last_name":"Follacaro","email":"efollacaropq@ameblo.jp","gender":"Female","salary":131943,"team":"Client Services"},{"id":928,"first_name":"Enrique","last_name":"Storer","email":"estorerpr@xinhuanet.com","gender":"Male","salary":48046,"team":"Marketing"},{"id":929,"first_name":"Odele","last_name":"Morfett","email":"omorfettps@slideshare.net","gender":"Female","salary":97443,"team":"Product"},{"id":930,"first_name":"Saunder","last_name":"Rudland","email":"srudlandpt@issuu.com","gender":"Male","salary":135352,"team":"Business Development"},{"id":931,"first_name":"Jone","last_name":"D'Ruel","email":"jdruelpu@salon.com","gender":"Male","salary":96329,"team":"Engineering"},{"id":932,"first_name":"Jimmy","last_name":"Seleway","email":"jselewaypv@feedburner.com","gender":"Male","salary":73749,"team":"Business Development"},{"id":933,"first_name":"Mavis","last_name":"Howford","email":"mhowfordpw@newyorker.com","gender":"Non-binary","salary":75607,"team":"Sales"},{"id":934,"first_name":"Blanca","last_name":"Pladen","email":"bpladenpx@linkedin.com","gender":"Female","salary":98858,"team":"Human Resources"},{"id":935,"first_name":"Abbe","last_name":"Jilkes","email":"ajilkespy@alibaba.com","gender":"Female","salary":76485,"team":"Engineering"},{"id":936,"first_name":"Cynthea","last_name":"Witcombe","email":"cwitcombepz@flavors.me","gender":"Female","salary":125418,"team":"Distribution"},{"id":937,"first_name":"Leroi","last_name":"Duffree","email":"lduffreeq0@baidu.com","gender":"Male","salary":75415,"team":"Client Services"},{"id":938,"first_name":"Reinald","last_name":"Harral","email":"rharralq1@businesswire.com","gender":"Male","salary":142868,"team":"Marketing"},{"id":939,"first_name":"Papageno","last_name":"Gronav","email":"pgronavq2@xing.com","gender":"Male","salary":57300,"team":"Marketing"},{"id":940,"first_name":"Aura","last_name":"Gergler","email":"agerglerq3@samsung.com","gender":"Genderqueer","salary":73706,"team":"Finance"},{"id":941,"first_name":"Rowena","last_name":"Dominicacci","email":"rdominicacciq4@jigsy.com","gender":"Female","salary":85871,"team":"Product"},{"id":942,"first_name":"Abra","last_name":"Waywell","email":"awaywellq5@va.gov","gender":"Female","salary":96795,"team":"Sales"},{"id":943,"first_name":"Talbert","last_name":"McKain","email":"tmckainq6@tiny.cc","gender":"Male","salary":92242,"team":"Legal"},{"id":944,"first_name":"Mae","last_name":"Pendergast","email":"mpendergastq7@google.nl","gender":"Female","salary":115149,"team":"Legal"},{"id":945,"first_name":"Duff","last_name":"Bourke","email":"dbourkeq8@cnbc.com","gender":"Male","salary":126924,"team":"Finance"},{"id":946,"first_name":"Danika","last_name":"Alldred","email":"dalldredq9@oaic.gov.au","gender":"Agender","salary":92587,"team":"Finance"},{"id":947,"first_name":"Tyne","last_name":"Witcher","email":"twitcherqa@nature.com","gender":"Female","salary":60263,"team":"Sales"},{"id":948,"first_name":"Allan","last_name":"Bedrosian","email":"abedrosianqb@flavors.me","gender":"Male","salary":91406,"team":"Business Development"},{"id":949,"first_name":"Humphrey","last_name":"Harmson","email":"hharmsonqc@salon.com","gender":"Male","salary":37005,"team":"Marketing"},{"id":950,"first_name":"Jervis","last_name":"Mateo","email":"jmateoqd@walmart.com","gender":"Male","salary":45267,"team":"Sales"},{"id":951,"first_name":"Case","last_name":"Heinert","email":"cheinertqe@slideshare.net","gender":"Male","salary":59680,"team":"Business Development"},{"id":952,"first_name":"Jacky","last_name":"Wennington","email":"jwenningtonqf@aboutads.info","gender":"Male","salary":144701,"team":"Marketing"},{"id":953,"first_name":"Aileen","last_name":"Atcherley","email":"aatcherleyqg@csmonitor.com","gender":"Female","salary":35477,"team":"Human Resources"},{"id":954,"first_name":"Finn","last_name":"Coopey","email":"fcoopeyqh@smugmug.com","gender":"Male","salary":119266,"team":"Distribution"},{"id":955,"first_name":"Reinaldos","last_name":"Bottom","email":"rbottomqi@bigcartel.com","gender":"Male","salary":47605,"team":"Human Resources"},{"id":956,"first_name":"Bevon","last_name":"Yerrill","email":"byerrillqj@facebook.com","gender":"Non-binary","salary":136604,"team":"Human Resources"},{"id":957,"first_name":"Vaughn","last_name":"Cohani","email":"vcohaniqk@marriott.com","gender":"Male","salary":121250,"team":"Finance"},{"id":958,"first_name":"Karlee","last_name":"Clarridge","email":"kclarridgeql@blogs.com","gender":"Genderqueer","salary":35884,"team":"Sales"},{"id":959,"first_name":"Charline","last_name":"Hazle","email":"chazleqm@vinaora.com","gender":"Female","salary":137144,"team":"Finance"},{"id":960,"first_name":"Meade","last_name":"Tomovic","email":"mtomovicqn@naver.com","gender":"Female","salary":102697,"team":"Engineering"},{"id":961,"first_name":"Oates","last_name":"Fennick","email":"ofennickqo@hostgator.com","gender":"Male","salary":61999,"team":"Product"},{"id":962,"first_name":"Mickey","last_name":"Do Rosario","email":"mdorosarioqp@cnbc.com","gender":"Male","salary":45223,"team":"Legal"},{"id":963,"first_name":"Burk","last_name":"Wixey","email":"bwixeyqq@etsy.com","gender":"Male","salary":54033,"team":"Business Development"},{"id":964,"first_name":"Dniren","last_name":"Chastagnier","email":"dchastagnierqr@adobe.com","gender":"Female","salary":99747,"team":"Marketing"},{"id":965,"first_name":"Reta","last_name":"Rampling","email":"rramplingqs@privacy.gov.au","gender":"Polygender","salary":71958,"team":"Distribution"},{"id":966,"first_name":"Misha","last_name":"Simonson","email":"msimonsonqt@github.com","gender":"Female","salary":115566,"team":"Client Services"},{"id":967,"first_name":"Cornelle","last_name":"Thieme","email":"cthiemequ@bloglines.com","gender":"Genderqueer","salary":118369,"team":"Business Development"},{"id":968,"first_name":"Grazia","last_name":"Delf","email":"gdelfqv@fc2.com","gender":"Female","salary":51667,"team":"Product"},{"id":969,"first_name":"Gregorius","last_name":"Muskett","email":"gmuskettqw@shareasale.com","gender":"Male","salary":85858,"team":"Client Services"},{"id":970,"first_name":"Andonis","last_name":"Adderley","email":"aadderleyqx@cornell.edu","gender":"Male","salary":131423,"team":"Distribution"},{"id":971,"first_name":"Robbie","last_name":"Tysall","email":"rtysallqy@booking.com","gender":"Male","salary":49538,"team":"Client Services"},{"id":972,"first_name":"Lucas","last_name":"Wyse","email":"lwyseqz@gizmodo.com","gender":"Male","salary":50369,"team":"Sales"},{"id":973,"first_name":"Cacilie","last_name":"Mingardi","email":"cmingardir0@marketwatch.com","gender":"Bigender","salary":86615,"team":"Business Development"},{"id":974,"first_name":"Jonis","last_name":"Scirman","email":"jscirmanr1@fema.gov","gender":"Female","salary":60003,"team":"Client Services"},{"id":975,"first_name":"Derward","last_name":"Lashley","email":"dlashleyr2@dion.ne.jp","gender":"Male","salary":109324,"team":"Distribution"},{"id":976,"first_name":"Sollie","last_name":"Rebichon","email":"srebichonr3@canalblog.com","gender":"Male","salary":103557,"team":"Business Development"},{"id":977,"first_name":"Tedman","last_name":"Minards","email":"tminardsr4@cornell.edu","gender":"Male","salary":111376,"team":"Business Development"},{"id":978,"first_name":"Earlie","last_name":"Tebb","email":"etebbr5@zimbio.com","gender":"Male","salary":75661,"team":"Legal"},{"id":979,"first_name":"Querida","last_name":"Batrip","email":"qbatripr6@slashdot.org","gender":"Female","salary":85213,"team":"Marketing"},{"id":980,"first_name":"Obadias","last_name":"Happs","email":"ohappsr7@utexas.edu","gender":"Male","salary":140444,"team":"Distribution"},{"id":981,"first_name":"Locke","last_name":"Kaming","email":"lkamingr8@ow.ly","gender":"Male","salary":90427,"team":"Client Services"},{"id":982,"first_name":"Tiffani","last_name":"McGettigan","email":"tmcgettiganr9@nps.gov","gender":"Female","salary":141439,"team":"Business Development"},{"id":983,"first_name":"Drugi","last_name":"Van Hove","email":"dvanhovera@sitemeter.com","gender":"Male","salary":43694,"team":"Engineering"},{"id":984,"first_name":"Dion","last_name":"O'Rodane","email":"dorodanerb@theguardian.com","gender":"Male","salary":131952,"team":"Engineering"},{"id":985,"first_name":"Georgeanne","last_name":"Baglin","email":"gbaglinrc@unesco.org","gender":"Female","salary":96250,"team":"Business Development"},{"id":986,"first_name":"Juana","last_name":"Silverwood","email":"jsilverwoodrd@wsj.com","gender":"Female","salary":137386,"team":"Distribution"},{"id":987,"first_name":"Anthea","last_name":"McMichan","email":"amcmichanre@npr.org","gender":"Non-binary","salary":104840,"team":"Engineering"},{"id":988,"first_name":"Axe","last_name":"Carling","email":"acarlingrf@drupal.org","gender":"Male","salary":75498,"team":"Marketing"},{"id":989,"first_name":"Massimo","last_name":"Barbie","email":"mbarbierg@a8.net","gender":"Male","salary":67471,"team":"Engineering"},{"id":990,"first_name":"Pembroke","last_name":"Goulston","email":"pgoulstonrh@example.com","gender":"Male","salary":101914,"team":"Distribution"},{"id":991,"first_name":"Brien","last_name":"Urion","email":"burionri@ucoz.com","gender":"Male","salary":142410,"team":"Engineering"},{"id":992,"first_name":"Jilly","last_name":"Smeed","email":"jsmeedrj@spotify.com","gender":"Agender","salary":37385,"team":"Business Development"},{"id":993,"first_name":"Addy","last_name":"Sheilds","email":"asheildsrk@dailymail.co.uk","gender":"Male","salary":58423,"team":"Business Development"},{"id":994,"first_name":"Sylvester","last_name":"Tacey","email":"staceyrl@wisc.edu","gender":"Male","salary":113425,"team":"Human Resources"},{"id":995,"first_name":"Aleen","last_name":"Brandacci","email":"abrandaccirm@amazon.co.uk","gender":"Female","salary":57266,"team":"Product"},{"id":996,"first_name":"Hurley","last_name":"Campion","email":"hcampionrn@google.pl","gender":"Male","salary":119667,"team":"Finance"},{"id":997,"first_name":"Goldy","last_name":"Godbold","email":"ggodboldro@linkedin.com","gender":"Female","salary":127118,"team":"Legal"},{"id":998,"first_name":"Myrtia","last_name":"D'Hooge","email":"mdhoogerp@com.com","gender":"Female","salary":80838,"team":"Engineering"},{"id":999,"first_name":"Virgilio","last_name":"Berrick","email":"vberrickrq@wikia.com","gender":"Male","salary":70990,"team":"Sales"},{"id":1000,"first_name":"Hernando","last_name":"Skarr","email":"hskarrrr@yahoo.com","gender":"Male","salary":39833,"team":"Engineering"}]